imagePath,label,Shape_num,width,height,point1_x,point1_y,point2_x,point2_y,ascept_ratio,BgMeanR,BgMeanG,BgMeanB
3404444,plastic,1,2268,4032,778,1572,1433,2255,4.89,157,151,143
3404766,plastic,1,2268,4032,980,1742,1446,2422,3.47,145,139,133
3404821,plastic,1,2268,4032,750,747,1320,1811,6.63,174,163,152
3405529,plastic,1,2268,4032,860,1481,1354,1950,2.53,159,148,139
3405720,plastic,1,2268,4032,593,1579,1598,2365,8.64,159,132,107
3405738,plastic,1,2268,4032,676,1455,1564,2243,7.65,174,162,149
3405817,plastic,1,2268,4032,863,1833,1424,2492,4.04,159,154,148
3405899,plastic,1,2268,4032,816,1370,1503,2366,7.48,156,150,142
3406318,plastic,1,2268,4032,743,1881,1553,2457,5.1,158,152,144
3406445,plastic,1,2268,4032,825,1761,1405,2337,3.65,161,157,150
3406687,plastic,1,2268,4032,879,1594,1490,2378,5.24,159,158,155
3407018,plastic,1,2268,4032,835,1956,1443,2340,2.55,155,127,110
3407237,plastic,1,2268,4032,1002,1632,1298,2325,2.24,142,131,118
3407251,plastic,1,2268,4032,920,1966,1421,2400,2.38,158,129,110
3407792,plastic,1,2268,4032,1017,1755,1320,2385,2.09,157,151,143
3407842,plastic,1,2268,4032,989,1468,1276,2315,2.66,161,156,151
3407884,plastic,1,2268,4032,920,1566,1288,2290,2.91,161,156,152
3408204,plastic,1,2268,4032,775,1581,1427,2681,7.84,131,125,118
3408254,plastic,1,2268,4032,917,1616,1465,2504,5.32,156,149,143
3408260,plastic,1,2268,4032,810,1115,1572,2044,7.74,150,148,146
3408302,plastic,1,2268,4032,929,1666,1481,2536,5.25,158,151,145
3408442,plastic,1,2268,4032,1021,1584,1367,2114,2.01,139,125,111
3408541,plastic,1,2268,4032,954,1550,1336,2123,2.39,169,159,152
3408662,plastic,1,2268,4032,718,1666,1600,2539,8.42,133,128,118
3408751,plastic,1,2268,4032,822,1506,1222,2029,2.29,146,135,122
3408833,plastic,1,2268,4032,743,1528,1550,2403,7.72,152,149,145
3408903,plastic,1,2268,4032,832,1591,1433,2479,5.84,158,153,150
3408986,plastic,1,2268,4032,863,1830,1418,2312,2.93,164,159,154
3409208,plastic,1,2268,4032,832,1171,1454,2396,8.33,129,125,119
3409225,plastic,1,2268,4032,825,1216,1424,2403,7.78,127,119,112
3409593,plastic,1,2268,4032,791,1707,1594,2066,3.15,145,144,139
3409992,plastic,1,2268,4032,693,1777,1512,2460,6.12,134,128,126
3410396,plastic,1,2268,4032,810,1468,1484,1978,3.76,139,138,135
3411688,plastic,1,2268,4032,702,1556,1616,2438,8.82,160,158,154
3412032,plastic,1,2268,4032,901,1622,1271,2419,3.22,154,152,148
3412060,plastic,1,2268,4032,655,1537,1629,2344,8.6,163,160,156
3412331,plastic,1,2268,4032,832,1484,1405,2432,5.94,154,151,147
3412347,plastic,1,2268,4032,816,1663,1481,2485,5.98,170,162,152
3412703,plastic,1,2268,4032,1017,1726,1317,2485,2.49,160,150,140
3412715,plastic,1,2268,4032,1027,1710,1336,2482,2.61,158,147,138
3412722,plastic,1,2268,4032,876,1556,1480,2174,4.08,122,119,115
3412732,plastic,1,2268,4032,1021,1676,1329,2457,2.63,162,152,142
3412751,plastic,1,2268,4032,1014,1666,1317,2432,2.54,158,148,138
3412764,plastic,1,2268,4032,1033,1635,1339,2407,2.58,157,146,136
3412930,plastic,1,2268,4032,989,1600,1304,2400,2.76,158,147,135
3412936,plastic,1,2268,4032,1014,1569,1323,2350,2.64,157,146,134
3412947,plastic,1,2268,4032,1002,1644,1304,2413,2.54,158,148,136
3412955,plastic,1,2268,4032,1017,1610,1320,2375,2.53,157,146,134
3412971,plastic,1,2268,4032,1027,1647,1339,2426,2.66,158,147,134
3413748,plastic,1,2268,4032,910,1310,1465,2646,8.11,164,159,153
3414295,plastic,1,2268,4032,1046,1446,1279,2435,2.52,171,165,156
3414534,plastic,1,2268,4032,684,1726,1430,2479,6.14,181,157,137
3414772,plastic,1,2268,4032,939,1606,1317,2114,2.1,159,157,155
3414829,plastic,1,2268,4032,891,1745,1392,2334,3.23,162,152,142
3414846,plastic,1,2268,4032,879,1745,1244,2312,2.26,171,162,152
3414862,plastic,1,2268,4032,904,1736,1295,2246,2.18,166,157,147
3414907,plastic,1,2268,4032,800,1619,1534,2413,6.37,145,138,127
3414973,plastic,1,2268,4032,680,1637,1618,2466,8.5,166,162,157
3415413,plastic,1,2268,4032,945,1906,1417,2381,2.45,160,160,158
3415525,plastic,1,2268,4032,936,1468,1310,2630,4.75,153,140,126
3415537,plastic,1,2268,4032,936,1462,1273,2507,3.85,153,140,127
3415545,plastic,1,2268,4032,970,1446,1307,2485,3.83,154,141,128
3415550,plastic,1,2268,4032,970,1468,1304,2511,3.81,149,137,124
3415557,plastic,1,2268,4032,954,1462,1298,2504,3.92,153,141,127
3415579,plastic,1,2268,4032,995,1465,1377,2476,4.22,147,135,123
3415590,plastic,1,2268,4032,967,1427,1355,2441,4.3,143,131,119
3415593,plastic,1,2268,4032,787,1682,1512,2378,5.52,165,132,108
3415600,plastic,1,2268,4032,923,1405,1326,2435,4.54,153,141,129
3415601,plastic,1,2268,4032,948,1452,1336,2466,4.3,143,131,119
3415616,plastic,1,2268,4032,961,1503,1351,2536,4.41,149,137,124
3415626,plastic,1,2268,4032,932,1525,1320,2548,4.34,142,131,119
3415761,plastic,1,2268,4032,958,1830,1361,2416,2.58,174,168,154
3415793,plastic,1,2268,4032,926,1701,1506,2583,5.59,180,168,149
3415826,plastic,1,2268,4032,936,1947,1427,2426,2.57,173,164,150
3415920,plastic,1,2268,4032,1052,1364,1399,2385,3.87,167,159,152
3416928,plastic,1,2268,4032,756,1436,1487,2180,5.95,130,123,113
3417004,plastic,1,2268,4032,891,1714,1473,2295,3.7,146,137,128
3417017,plastic,1,2268,4032,853,1792,1449,2388,3.88,141,132,123
3417030,plastic,1,2268,4032,891,1603,1520,2357,5.19,162,151,139
3417033,plastic,1,2268,4032,885,1773,1458,2353,3.63,147,138,128
3417043,plastic,1,2268,4032,879,1814,1449,2388,3.58,143,133,125
3417059,plastic,1,2268,4032,873,1849,1427,2407,3.38,145,135,127
3418202,plastic,1,2268,4032,819,1487,1326,2454,5.36,143,131,118
3418218,plastic,1,2268,4032,932,1714,1320,2463,3.18,169,145,124
3418333,plastic,1,2268,4032,983,1458,1336,2407,3.66,151,140,126
3418419,plastic,1,2268,4032,910,1572,1373,2438,4.38,153,141,128
3418662,plastic,1,2268,4032,1011,1676,1399,2498,3.49,150,139,127
3418869,plastic,1,2268,4032,891,1632,1449,2170,3.28,147,134,120
3419191,plastic,1,2268,4032,964,1956,1440,2448,2.56,133,118,108
3419616,plastic,1,2268,4032,854,1745,1477,2372,4.27,178,150,125
3419760,plastic,1,2268,4032,923,1742,1386,2485,3.76,158,132,109
3419806,plastic,1,2268,4032,863,1825,1414,2331,3.05,175,144,118
3420143,plastic,1,2268,4032,920,1767,1421,2567,4.38,168,136,109
3420272,plastic,1,2268,4032,885,1893,1433,2479,3.51,176,149,127
3420279,plastic,1,2268,4032,986,1408,1354,1962,2.23,148,135,124
3420417,plastic,1,2268,4032,740,1710,1575,2466,6.9,169,154,141
3420420,plastic,1,2268,4032,904,1512,1534,2340,5.7,159,157,153
3420458,plastic,1,2268,4032,806,1320,1465,2385,7.67,147,144,141
3420547,plastic,1,2268,4032,905,1745,1543,2359,4.28,158,158,157
3420552,plastic,1,2268,4032,832,1540,1480,2164,4.42,151,149,146
3420658,plastic,1,2268,4032,929,1468,1569,2268,5.6,149,147,145
3420686,plastic,1,2268,4032,898,1629,1597,2334,5.39,155,154,151
3420802,plastic,1,2268,4032,867,1313,1364,2315,5.45,161,158,154
3420906,plastic,1,2268,4032,810,1354,1515,2432,8.31,153,150,145
3420931,plastic,1,2268,4032,630,1723,1351,2063,2.68,164,151,139
3420974,plastic,1,2268,4032,839,1687,1424,2164,3.05,157,144,133
3421023,plastic,1,2268,4032,847,1399,1499,2378,6.98,138,133,127
3421132,plastic,1,2268,4032,954,1339,1443,1874,2.86,157,152,151
3421296,plastic,1,2268,4032,879,1525,1392,2432,5.09,155,150,148
3421534,plastic,1,2268,4032,866,1399,1241,2262,3.54,167,164,158
3421551,plastic,1,2268,4032,765,1578,1528,2536,7.99,160,133,108
3421580,plastic,1,2268,4032,835,1874,1603,2536,5.56,171,147,125
3421738,plastic,1,2268,4032,810,1562,1547,2208,5.21,153,151,148
3421764,plastic,1,2268,4032,810,1156,1467,2387,8.84,167,164,157
3421804,plastic,1,2268,4032,630,1566,1418,2318,6.48,157,152,147
3421911,plastic,1,2268,4032,980,1613,1405,2221,2.83,136,132,129
3421955,plastic,1,2268,4032,844,1436,1477,2073,4.41,156,154,153
3421972,plastic,1,2268,4032,595,1572,1521,2416,8.55,163,160,154
3421995,plastic,1,2268,4032,797,1528,1575,2290,6.48,166,162,157
3422066,plastic,1,2268,4032,891,1566,1462,2114,3.42,143,141,138
3422120,plastic,1,2268,4032,895,1739,1452,2306,3.45,147,145,141
3422157,plastic,1,2268,4032,794,1477,1373,2337,5.45,144,141,138
3422189,plastic,1,2268,4032,838,1465,1377,2066,3.54,150,148,145
3422200,plastic,1,2268,4032,936,1890,1427,2366,2.56,170,147,127
3422230,plastic,1,2268,4032,964,1855,1553,2413,3.59,165,147,127
3422342,plastic,1,2268,4032,775,1279,1361,2139,5.51,143,141,137
3422559,plastic,1,2268,4032,944,1492,1367,2309,3.78,142,122,107
3422585,plastic,1,2268,4032,835,1452,1433,2810,8.88,162,161,159
3422598,plastic,1,2268,4032,910,1682,1408,2192,2.78,161,160,159
3422802,plastic,1,2268,4032,696,1540,1427,2381,6.72,168,164,157
3423195,plastic,1,2268,4032,781,1424,1647,2306,8.35,162,158,154
3423310,plastic,1,2268,4032,747,1660,1361,2690,6.92,164,152,141
3423341,plastic,1,2268,4032,895,1547,1465,2674,7.02,159,148,139
3423373,plastic,1,2268,4032,954,1562,1462,2640,5.99,157,145,134
3423457,plastic,1,2268,4032,879,1660,1433,2227,3.44,156,141,123
3423474,plastic,1,2268,4032,895,1515,1411,2082,3.2,158,143,126
3423608,plastic,1,2268,4032,747,1440,1525,2180,6.3,159,138,114
3423635,plastic,1,2268,4032,690,1773,1496,2583,7.14,166,155,148
3423637,plastic,1,2268,4032,784,1726,1320,2136,2.4,160,143,124
3423656,plastic,1,2268,4032,904,2013,1421,2567,3.13,172,164,156
3403841,paper,1,2268,4032,860,1663,1515,2419,5.42,125,119,113
3403871,paper,1,2268,4032,861,1683,1493,2445,5.27,151,146,139
3404655,paper,1,2268,4032,775,1515,1487,2457,7.33,158,155,151
3404745,paper,1,2268,4032,787,1559,1433,2426,6.12,148,145,142
3404862,paper,1,2268,4032,639,1531,1575,2240,7.26,165,157,144
3404954,paper,1,2268,4032,750,1373,1440,2032,4.97,176,156,134
3404997,paper,1,2268,4032,838,1493,1307,2161,3.43,175,155,133
3405000,paper,1,2268,4032,866,1487,1599,2499,8.11,177,144,126
3405102,paper,1,2268,4032,777,1543,1451,2051,3.74,179,159,137
3405186,paper,1,2268,4032,805,1548,1489,2515,7.23,179,146,120
3405274,paper,1,2268,4032,983,1446,1249,2430,2.86,135,125,110
3405356,paper,1,2268,4032,989,1499,1355,2182,2.73,147,138,131
3405597,paper,1,2268,4032,929,1288,1291,2085,3.16,149,137,128
3405850,paper,1,2268,4032,775,1557,1481,2528,7.5,170,161,146
3405871,paper,1,2268,4032,806,1458,1575,2485,8.64,174,146,123
3406039,paper,1,2268,4032,776,1514,1561,2457,8.1,170,143,120
3406110,paper,1,2268,4032,759,1515,1484,2473,7.6,170,158,145
3406166,paper,1,2268,4032,745,1541,1507,2536,8.29,174,168,155
3406254,paper,1,2268,4032,806,1559,1498,2469,6.89,169,160,144
3406277,paper,1,2268,4032,792,1554,1532,2584,8.33,177,168,153
3406357,paper,1,2268,4032,772,1545,1504,2541,7.97,174,166,152
3406491,paper,1,2268,4032,764,1673,1530,2400,6.09,172,163,149
3406718,paper,1,2268,4032,945,1622,1326,2214,2.47,148,136,127
3406731,paper,1,2268,4032,942,1758,1307,2337,2.31,146,135,126
3406743,paper,1,2268,4032,951,1710,1310,2281,2.24,146,135,127
3406756,paper,1,2268,4032,958,1603,1304,2148,2.06,150,139,130
3406773,paper,1,2268,4032,983,1695,1332,2232,2.05,143,132,124
3407067,paper,1,2268,4032,754,1505,1403,2408,6.41,153,129,113
3407105,paper,1,2268,4032,717,1288,1495,2274,8.39,156,140,126
3407200,paper,1,2268,4032,810,1348,1458,2303,6.77,174,160,147
3407244,paper,1,2268,4032,693,1238,1421,2236,7.95,136,121,110
3407717,paper,1,2268,4032,973,1125,1449,1748,3.24,153,130,115
3407869,paper,1,2268,4032,803,1751,1301,2482,3.98,156,132,115
3407967,paper,1,2268,4032,709,1638,1616,2299,6.56,151,135,123
3408010,paper,1,2268,4032,617,1591,1629,2362,8.53,163,148,135
3408097,paper,1,2268,4032,662,1591,1632,2312,7.65,152,140,126
3408399,paper,1,2268,4032,693,1468,1669,2244,8.28,144,132,120
3408425,paper,1,2268,4032,715,1490,1443,2548,8.42,150,126,107
3408434,paper,1,2268,4032,655,1613,1591,2366,7.71,144,132,120
3408448,paper,1,2268,4032,677,1600,1624,2340,7.66,145,133,122
3408532,paper,1,2268,4032,822,1521,1433,2325,5.37,148,131,117
3408826,paper,1,2268,4032,939,1399,1451,2090,3.87,164,150,136
3408831,paper,1,2268,4032,860,1540,1556,2589,7.98,136,119,106
3408892,paper,1,2268,4032,743,1247,1323,2019,4.9,154,131,112
3409012,paper,1,2268,4032,599,1301,1556,1984,7.15,163,144,127
3409073,paper,1,2268,4032,910,1607,1440,2429,4.76,143,131,119
3409085,paper,1,2268,4032,898,1805,1298,2432,2.74,144,134,123
3409092,paper,1,2268,4032,923,1751,1291,2325,2.31,143,133,123
3409107,paper,1,2268,4032,989,1755,1345,2296,2.11,145,134,125
3409122,paper,1,2268,4032,980,1786,1326,2325,2.04,144,133,124
3409147,paper,1,2268,4032,643,1805,1411,2671,7.27,133,128,121
3409158,paper,1,2268,4032,679,945,1401,1922,7.71,146,126,110
3409162,paper,1,2268,4032,791,1619,1370,2372,4.77,146,140,132
3409179,paper,1,2268,4032,901,1698,1326,2252,2.57,143,133,124
3409204,paper,1,2268,4032,882,1622,1323,2186,2.72,142,132,122
3409253,paper,1,2268,4032,898,1726,1408,2448,4.03,147,133,120
3409267,paper,1,2268,4032,951,1805,1392,2432,3.02,147,133,120
3409285,paper,1,2268,4032,879,1978,1566,2570,4.45,129,123,116
3409295,paper,1,2268,4032,898,1736,1389,2438,3.77,150,135,122
3409302,paper,1,2268,4032,910,1629,1370,2287,3.31,144,130,118
3409304,paper,1,2268,4032,825,1692,1323,2362,3.65,136,130,122
3409334,paper,1,2268,4032,720,1708,1659,2390,7.0,163,147,136
3409335,paper,1,2268,4032,844,1679,1358,2413,4.13,148,134,121
3409377,paper,1,2268,4032,939,1704,1402,2356,3.3,143,132,123
3409390,paper,1,2268,4032,898,1506,1351,2151,3.2,141,130,121
3409404,paper,1,2268,4032,873,1660,1288,2249,2.67,139,129,120
3409431,paper,1,2268,4032,942,1799,1326,2347,2.3,143,133,124
3409444,paper,1,2268,4032,942,1644,1317,2170,2.16,144,133,124
3409534,paper,1,2268,4032,747,1525,1553,2545,8.99,125,120,113
3409548,paper,1,2268,4032,873,1452,1471,2334,5.77,144,132,123
3409564,paper,1,2268,4032,873,1534,1361,2249,3.82,139,128,119
3409589,paper,1,2268,4032,891,1622,1351,2296,3.39,142,131,122
3409602,paper,1,2268,4032,910,1704,1367,2375,3.35,140,128,120
3409620,paper,1,2268,4032,945,1619,1399,2284,3.3,141,129,120
3409729,paper,1,2268,4032,614,1748,1525,2474,7.23,180,166,155
3409740,paper,1,2268,4032,869,1506,1543,2426,6.78,143,131,118
3409751,paper,1,2268,4032,806,1698,1389,2479,4.98,136,125,114
3409780,paper,1,2268,4032,819,1792,1367,2526,4.4,142,131,120
3409785,paper,1,2268,4032,860,1733,1430,2485,4.69,144,132,121
3409815,paper,1,2268,4032,879,1414,1468,2202,5.08,138,125,114
3409860,paper,1,2268,4032,838,1556,1433,2356,5.21,142,131,121
3409872,paper,1,2268,4032,860,1443,1433,2205,4.77,143,131,122
3409873,paper,1,2268,4032,891,1348,1397,2099,4.16,137,136,133
3410354,paper,1,2268,4032,942,1670,1433,2315,3.46,146,135,126
3410370,paper,1,2268,4032,920,1509,1422,2167,3.61,142,131,123
3410380,paper,1,2268,4032,885,1490,1398,2168,3.8,139,128,119
3410403,paper,1,2268,4032,753,1455,1458,2158,5.42,152,149,145
3410461,paper,1,2268,4032,725,1540,1704,2306,8.2,132,120,108
3410469,paper,1,2268,4032,863,1367,1361,2048,3.71,160,147,137
3410478,paper,1,2268,4032,687,1487,1676,2236,8.1,136,123,111
3410496,paper,1,2268,4032,633,1632,1603,2375,7.88,138,126,114
3410521,paper,1,2268,4032,624,1556,1581,2271,7.48,133,121,109
3410548,paper,1,2268,4032,731,1484,1707,2230,7.96,135,123,111
3410597,paper,1,2268,4032,888,1499,1421,2221,4.21,151,140,131
3410612,paper,1,2268,4032,850,1629,1370,2318,3.92,145,134,125
3410637,paper,1,2268,4032,920,1547,1414,2199,3.52,150,139,130
3410663,paper,1,2268,4032,878,1637,1377,2306,3.65,148,138,129
3410690,paper,1,2268,4032,929,1610,1402,2230,3.21,145,135,126
3410750,paper,1,2268,4032,986,1525,1481,2199,3.65,144,133,124
3410762,paper,1,2268,4032,854,1471,1348,2136,3.59,135,124,115
3410781,paper,1,2268,4032,907,1581,1402,2246,3.6,139,128,119
3410800,paper,1,2268,4032,926,1575,1421,2236,3.58,138,127,118
3410819,paper,1,2268,4032,844,1559,1329,2211,3.46,137,126,118
3410963,paper,1,2268,4032,775,1540,1462,2092,4.15,149,148,147
3411159,paper,1,2268,4032,901,1465,1363,2450,4.98,133,131,128
3411273,paper,1,2268,4032,838,1805,1509,2243,3.21,138,132,127
3411282,paper,1,2268,4032,835,1808,1481,2236,3.02,138,132,127
3411292,paper,1,2268,4032,794,1380,1566,2378,8.43,140,128,115
3411295,paper,1,2268,4032,847,1830,1499,2259,3.06,133,127,121
3411309,paper,1,2268,4032,787,1326,1569,2334,8.62,139,126,113
3411314,paper,1,2268,4032,835,1843,1496,2277,3.14,137,130,124
3411320,paper,1,2268,4032,813,1805,1468,2240,3.12,133,127,121
3411325,paper,1,2268,4032,769,1421,1515,2369,7.73,144,132,120
3411347,paper,1,2268,4032,753,1584,1509,2526,7.79,138,126,114
3411377,paper,1,2268,4032,750,1537,1525,2511,8.25,142,130,118
3411584,paper,1,2268,4032,747,1619,1603,2347,6.81,134,132,130
3411642,paper,1,2268,4032,759,1603,1521,2419,6.8,147,144,142
3411709,paper,1,2268,4032,762,1562,1540,2536,8.29,122,114,108
3411724,paper,1,2268,4032,825,1525,1405,2314,5.0,142,131,120
3411728,paper,1,2268,4032,753,1688,1514,2631,7.85,123,114,108
3411745,paper,1,2268,4032,847,1581,1433,2369,5.05,143,132,121
3411748,paper,1,2268,4032,737,1462,1525,2485,8.82,122,114,107
3411760,paper,1,2268,4032,740,1562,1526,2581,8.76,130,122,116
3411770,paper,1,2268,4032,740,1525,1518,2533,8.58,126,118,112
3411775,paper,1,2268,4032,759,1515,1534,2517,8.49,129,122,115
3411785,paper,1,2268,4032,891,1512,1481,2312,5.16,146,135,124
3411786,paper,1,2268,4032,725,1562,1514,2574,8.73,128,121,114
3411824,paper,1,2268,4032,882,1622,1474,2436,5.27,144,133,121
3411850,paper,1,2268,4032,841,1547,1408,2296,4.64,143,132,122
3412087,paper,1,2268,4032,852,1221,1454,2425,7.93,159,156,152
3412096,paper,1,2268,4032,857,1506,1576,2463,7.52,174,150,131
3412121,paper,1,2268,4032,784,1153,1553,2114,8.08,154,147,140
3412133,paper,1,2268,4032,857,1263,1544,2148,6.65,150,144,138
3412149,paper,1,2268,4032,885,1263,1531,2173,6.43,152,147,140
3412225,paper,1,2268,4032,806,1581,1441,2361,5.42,138,135,132
3412269,paper,1,2268,4032,762,1597,1543,2394,6.81,151,148,145
3412306,paper,1,2268,4032,806,1540,1484,2366,6.12,159,154,148
3412511,paper,1,2268,4032,832,1540,1458,2416,6.0,137,135,134
3412631,paper,1,2268,4032,882,1569,1417,2287,4.2,157,145,136
3412721,paper,1,2268,4032,765,1323,1537,2205,7.45,174,161,149
3403540,pack,1,2272,4032,926,1682,1248,2284,2.12,169,164,158
3405173,pack,1,2268,4032,779,1676,1455,2003,2.42,139,122,108
3406248,pack,1,2268,4032,923,1833,1307,2429,2.5,136,122,111
3406681,pack,1,2268,4032,816,1780,1436,2259,3.25,163,139,120
3406715,pack,1,2268,4032,885,1833,1301,2281,2.04,156,142,130
3406720,pack,1,2268,4032,866,1512,1342,2019,2.64,154,138,124
3407168,pack,1,2268,4032,1021,1517,1381,2430,3.59,146,134,125
3407183,pack,1,2268,4032,1021,1572,1342,2381,2.84,146,135,126
3407206,pack,1,2268,4032,972,1640,1264,2368,2.32,145,133,125
3407222,pack,1,2268,4032,995,1638,1283,2374,2.32,149,137,129
3407238,pack,1,2268,4032,990,1670,1272,2392,2.23,150,138,130
3407427,pack,1,2268,4032,1068,1518,1411,2429,3.42,143,136,131
3407440,pack,1,2268,4032,1069,1384,1432,2316,3.7,141,134,130
3407460,pack,1,2268,4032,1011,1503,1372,2407,3.57,144,138,133
3407473,pack,1,2268,4032,1045,1451,1411,2387,3.75,144,138,133
3407492,pack,1,2268,4032,998,1465,1362,2366,3.59,143,137,133
3407559,pack,1,2268,4032,913,1509,1518,2413,5.98,176,167,159
3407715,pack,1,2268,4032,693,1655,1676,2150,5.32,176,166,157
3407724,pack,1,2268,4032,1049,1336,1358,2252,3.1,151,148,145
3410218,pack,1,2268,4032,765,1660,1295,2013,2.05,159,157,153
3410423,pack,1,2268,4032,958,1657,1411,2284,3.11,162,159,152
3410926,pack,1,2268,4032,882,1521,1389,2098,3.2,155,154,153
3411640,pack,1,2268,4032,771,1830,1635,2095,2.5,161,141,121
3412418,pack,1,2268,4032,1011,1575,1402,2164,2.52,160,147,135
3412465,pack,1,2268,4032,910,1288,1436,2025,4.24,160,141,126
3412488,pack,1,2268,4032,885,1556,1465,2438,5.59,161,148,134
3412911,pack,1,2268,4032,718,1575,1115,2183,2.64,154,150,147
3413547,pack,1,2268,4032,995,1540,1427,2586,4.94,171,166,159
3413641,pack,1,2268,4032,857,1433,1496,2394,6.72,166,161,155
3413692,pack,1,2268,4032,838,1818,1446,2529,4.73,160,156,153
3413723,pack,1,2268,4032,699,1644,1458,2476,6.91,156,153,149
3413769,pack,1,2268,4032,995,1266,1389,2463,5.16,150,131,116
3415199,pack,1,2268,4032,967,1364,1304,2548,4.36,165,152,138
3415229,pack,1,2268,4032,841,1373,1389,2599,7.35,153,138,121
3415432,pack,1,2268,4032,923,1480,1357,2152,3.19,159,149,141
3415455,pack,1,2268,4032,945,1247,1320,1956,2.91,149,140,130
3417364,pack,1,2268,4032,910,1748,1332,2300,2.55,146,132,117
3418094,pack,1,2268,4032,907,1411,1351,2630,5.92,147,134,122
3418137,pack,1,2268,4032,1014,1751,1380,2312,2.25,178,169,157
3418771,pack,1,2268,4032,1030,1471,1332,2460,3.27,164,140,119
3418800,pack,1,2268,4032,1017,1506,1320,2507,3.32,165,138,117
3418878,pack,1,2268,4032,891,1767,1348,2259,2.46,168,146,125
3418956,pack,1,2268,4032,939,1755,1395,2252,2.48,167,144,122
3420025,pack,1,2268,4032,869,1594,1484,2284,4.64,137,133,129
3420085,pack,1,2268,4032,841,1600,1421,2318,4.55,131,129,126
3420167,pack,1,2268,4032,894,1367,1452,2299,5.69,130,127,126
3420284,pack,1,2268,4032,885,1458,1481,2111,4.26,135,133,131
3420348,pack,1,2268,4032,737,1606,1591,2205,5.59,123,120,117
3420734,pack,1,2268,4032,1017,1531,1309,2388,2.74,154,132,109
3421501,pack,1,2268,4032,933,1356,1395,2296,4.75,133,130,127
3421527,pack,1,2268,4032,929,1531,1509,2227,4.41,153,151,149
3423329,pack,1,2268,4032,850,1480,1241,2221,3.17,180,159,136
3424559,pack,1,2268,4032,948,1323,1402,2797,7.32,147,148,143
3424758,pack,1,2268,4032,784,1572,1462,2637,7.9,153,141,128
3424769,pack,1,2268,4032,929,1799,1468,2413,3.62,155,143,130
3425204,pack,1,2272,4032,870,1452,1368,2608,6.28,168,164,157
3427419,pack,1,2268,4032,709,1537,1595,2086,5.32,157,133,107
3427450,pack,1,2268,4032,753,1506,1572,2007,4.49,166,140,113
3428768,pack,1,2268,4032,926,1373,1377,2756,6.82,148,146,140
3428894,pack,1,2268,4032,840,1363,1360,2512,6.53,158,156,150
3435095,pack,1,2268,4032,942,1764,1380,2199,2.08,164,157,149
3498552,pack,1,2268,4032,362,1008,1125,1789,6.52,163,160,159
3518416,pack,1,2268,4032,967,1383,1348,2614,5.13,162,143,125
3523591,pack,1,2268,4032,866,1714,1402,2259,3.19,161,150,139
3533469,pack,1,2268,4032,860,1755,1484,2359,4.12,140,136,131
3533625,pack,1,2268,4032,1014,1537,1452,2032,2.37,123,118,114
3556026,pack,1,2268,4032,929,1783,1250,2444,2.32,168,164,159
3558591,pack,1,2268,4032,1072,1432,1398,2009,2.06,141,135,124
3572228,pack,1,2268,4032,904,1503,1480,2098,3.75,137,127,121
3575248,pack,1,2268,4032,1028,1504,1371,2072,2.13,149,138,127
3589770,pack,1,2272,4032,690,1150,1522,2133,8.93,166,160,153
3596391,pack,1,2268,4032,885,1799,1351,2268,2.39,155,146,140
3596835,pack,1,2268,4032,942,1421,1503,1899,2.93,144,136,126
3596981,pack,1,2268,4032,851,1588,1380,2300,4.12,128,125,122
3597001,pack,1,2268,4032,819,1285,1351,2051,4.46,153,149,143
3597265,pack,1,2268,4032,835,1795,1414,2460,4.21,162,158,153
3597709,pack,1,2268,4032,851,1395,1380,2454,6.13,138,123,108
3607881,pack,1,2268,4032,787,1594,1304,2511,5.18,129,127,123
3608275,pack,1,2268,4032,725,1616,1535,2564,8.4,154,149,143
3608311,pack,1,2268,4032,702,1783,1480,2312,4.5,164,160,157
3609092,pack,1,2268,4032,847,1673,1588,2334,5.36,165,147,132
3612452,pack,1,2268,4032,992,1622,1471,2199,3.02,141,136,132
3616102,pack,1,2268,4032,643,1499,1540,2416,8.99,154,154,155
3631577,pack,1,2268,4032,895,1559,1291,2315,3.27,155,133,114
3632319,pack,1,2268,4032,841,1687,1390,2289,3.61,166,149,133
3640930,pack,1,2268,4032,983,1487,1468,2214,3.86,132,121,111
3657952,pack,1,2268,4032,810,1846,1364,2772,5.61,154,153,150
3661639,pack,1,2268,4032,810,1742,1553,2681,7.63,125,117,110
3670959,pack,1,2268,4032,882,1532,1447,1924,2.42,153,149,146
3671358,pack,1,2268,4032,835,1591,1449,2246,4.4,152,150,148
3671575,pack,1,2268,4032,835,1378,1395,2583,7.38,158,155,153
3671592,pack,1,2268,4032,847,1080,1455,2233,7.67,160,157,155
3679519,pack,1,2268,4032,937,1576,1314,2448,3.59,137,124,107
3682177,pack,1,2268,4032,961,1540,1458,2334,4.32,166,157,145
3687603,pack,1,2268,4032,942,1490,1323,2400,3.79,181,163,109
3692412,pack,1,2268,4032,789,1520,1502,2590,8.34,153,151,148
3696120,pack,1,2268,4032,822,1566,1531,2722,8.96,162,155,147
3696323,pack,1,2268,4032,838,1600,1509,2706,8.12,155,149,143
3696437,pack,1,2268,4032,909,1711,1350,2498,3.8,169,161,153
3701825,pack,1,2268,4032,1002,1651,1348,2381,2.76,142,139,134
3790797,pack,1,2272,4032,869,1342,1319,2540,5.88,177,149,113
3792556,pack,1,2268,4032,684,1458,1578,2356,8.78,172,157,153
3801936,pack,1,2268,4032,947,1228,1413,1642,2.11,159,158,156
3807358,pack,1,2268,4032,766,1371,1392,1994,4.26,145,138,118
3830464,pack,1,2268,4032,860,1569,1594,2460,7.15,162,156,151
3830555,pack,1,2268,4032,548,1496,1295,2400,7.38,159,153,148
3868127,pack,1,2268,4032,869,1348,1383,2693,7.56,159,158,154
3909888,pack,1,2268,4032,749,1367,1329,2495,7.15,167,148,133
3975186,pack,1,2268,4032,857,1658,1369,2691,5.78,147,143,136
4006367,pack,1,2268,4032,740,1228,1389,1956,5.17,164,156,149
4012165,pack,1,2268,4032,986,1780,1433,2227,2.19,144,143,141
4052890,pack,1,2268,4032,1024,1603,1361,2277,2.48,154,153,149
4062256,pack,1,2268,4032,621,1862,1430,2728,7.66,134,134,131
4070306,pack,1,2268,4032,917,1490,1503,2419,5.95,146,134,121
4074398,pack,1,2268,4032,825,2123,1345,2734,3.47,158,158,154
4079482,pack,1,2268,4032,658,1216,1484,2114,8.11,149,138,128
4079501,pack,1,2268,4032,687,1358,1569,2199,8.11,153,145,137
4079732,pack,1,2268,4032,986,1377,1496,1994,3.44,148,125,109
4086238,pack,1,2268,4032,980,1899,1361,2410,2.13,154,151,147
4089823,pack,1,2268,4032,863,1912,1386,2397,2.77,137,134,131
4089828,pack,1,2268,4032,923,1874,1351,2356,2.26,122,120,117
4092560,pack,1,2268,4032,948,1550,1320,2183,2.58,125,116,114
4101307,pack,1,2268,4032,898,1641,1377,2240,3.14,160,150,140
4104385,pack,1,2268,4032,778,1515,1392,2602,7.3,158,151,150
4111789,pack,1,2268,4032,986,1446,1326,2391,3.51,157,132,114
4115580,pack,1,2268,4032,904,1871,1421,2378,2.87,137,123,111
4116612,pack,1,2268,4032,734,1484,1547,2252,6.83,177,167,158
4116627,pack,1,2268,4032,759,1597,1647,2340,7.22,177,168,159
4116667,pack,1,2268,4032,740,1525,1521,2429,7.72,170,159,149
4116680,pack,1,2268,4032,879,1591,1477,2473,5.77,175,164,154
4116689,pack,1,2268,4032,696,1588,1547,2403,7.58,177,167,157
4117021,pack,1,2268,4032,869,1695,1455,2309,3.93,158,154,151
4119087,pack,1,2268,4032,671,1852,1433,2208,2.97,145,139,133
4119140,pack,1,2268,4032,810,1767,1326,2151,2.17,154,149,144
4125136,pack,1,2268,4032,898,1717,1298,2174,2.0,168,162,157
4125703,pack,1,2268,4032,806,1940,1468,2655,5.18,175,167,153
4128190,pack,1,2268,4032,806,1688,1395,2457,4.95,169,137,122
4130263,pack,1,2268,4032,753,1430,1632,2309,8.45,160,142,124
4131254,pack,1,2268,4032,980,1150,1380,2359,5.29,127,125,123
4131261,pack,1,2268,4032,907,1424,1446,2196,4.55,135,133,129
3404995,vinyl,1,2268,4032,816,1506,1550,2492,7.91,139,135,128
3405258,vinyl,1,2268,4032,835,1649,1542,2413,5.91,147,140,132
3405282,vinyl,1,2268,4032,866,1707,1503,2432,5.05,157,151,144
3406095,vinyl,1,2268,4032,773,1384,1514,2329,7.66,153,141,132
3406117,vinyl,1,2268,4032,828,1673,1399,2394,4.5,152,141,132
3406133,vinyl,1,2268,4032,851,1559,1465,2334,5.2,152,141,131
3406211,vinyl,1,2268,4032,838,1529,1438,2342,5.33,144,130,117
3406229,vinyl,1,2268,4032,842,1626,1366,2339,4.09,146,133,121
3406251,vinyl,1,2268,4032,906,1735,1418,2425,3.86,146,134,122
3406272,vinyl,1,2268,4032,889,1565,1417,2272,4.08,148,135,123
3406451,vinyl,1,2268,4032,769,1695,1430,2007,2.26,160,142,121
3407093,vinyl,1,2268,4032,784,1682,1443,2265,4.2,143,144,144
3407609,vinyl,1,2268,4032,923,1080,1610,2240,8.71,157,156,154
3407645,vinyl,1,2268,4032,926,1717,1528,2457,4.87,156,155,152
3409153,vinyl,1,2268,4032,917,1736,1550,2589,5.9,159,155,150
3409525,vinyl,1,2268,4032,841,1751,1408,2592,5.21,156,152,148
3409571,vinyl,1,2268,4032,847,1559,1443,2277,4.68,136,130,124
3409591,vinyl,1,2268,4032,841,1578,1471,2350,5.32,138,132,128
3409600,vinyl,1,2268,4032,828,1569,1458,2337,5.29,134,129,125
3409616,vinyl,1,2268,4032,835,1613,1471,2388,5.39,139,133,129
3409622,vinyl,1,2268,4032,844,1682,1478,2452,5.34,140,134,129
3409677,vinyl,1,2268,4032,840,1585,1458,2274,4.66,149,142,135
3409688,vinyl,1,2268,4032,847,1673,1440,2347,4.37,150,143,137
3409696,vinyl,1,2268,4032,820,1662,1419,2341,4.45,143,136,130
3409707,vinyl,1,2268,4032,816,1638,1408,2309,4.34,149,143,137
3409721,vinyl,1,2268,4032,838,1676,1433,2347,4.37,147,140,133
3409735,vinyl,1,2268,4032,535,1292,1398,2092,7.55,148,128,114
3409746,vinyl,1,2268,4032,898,1597,1446,2300,4.21,136,129,123
3409757,vinyl,1,2268,4032,895,1603,1440,2299,4.15,137,130,124
3409776,vinyl,1,2268,4032,860,1641,1402,2331,4.09,133,126,120
3409795,vinyl,1,2268,4032,964,1244,1471,1773,2.93,170,157,146
3409814,vinyl,1,2268,4032,895,1610,1436,2303,4.1,135,128,122
3409825,vinyl,1,2268,4032,888,1641,1433,2334,4.13,133,127,121
3410081,vinyl,1,2268,4032,734,1468,1260,2016,3.15,157,140,127
3410121,vinyl,1,2268,4032,775,1446,1380,2070,4.13,148,131,118
3410139,vinyl,1,2268,4032,800,1244,1361,1594,2.15,162,147,136
3410308,vinyl,1,2268,4032,507,1600,1216,2227,4.86,161,146,137
3410813,vinyl,1,2268,4032,765,1572,1616,2381,7.53,160,150,140
3410895,vinyl,1,2268,4032,769,1535,1514,2466,7.58,155,140,129
3411765,vinyl,1,2268,4032,740,1644,1471,2306,5.29,125,124,123
3412021,vinyl,1,2268,4032,822,1260,1518,2438,8.97,160,152,143
3413011,vinyl,1,2268,4032,734,1490,1440,2385,6.91,147,131,119
3413037,vinyl,1,2268,4032,828,1603,1436,2536,6.2,171,159,149
3413070,vinyl,1,2268,4032,639,1531,1729,2073,6.46,172,158,145
3413090,vinyl,1,2268,4032,750,1512,1496,2044,4.34,167,153,145
3413104,vinyl,1,2268,4032,668,1361,1461,2350,8.58,166,162,158
3413123,vinyl,1,2268,4032,715,1181,1405,2095,6.9,150,133,121
3413198,vinyl,1,2268,4032,778,1292,1528,2010,5.89,148,144,141
3413381,vinyl,1,2268,4032,712,1625,1477,2492,7.25,156,142,130
3413435,vinyl,1,2268,4032,869,1723,1216,2722,3.79,157,142,131
3413454,vinyl,1,2268,4032,617,1632,1474,2580,8.88,124,121,117
3413536,vinyl,1,2268,4032,932,1254,1559,2114,5.9,151,133,119
3413545,vinyl,1,2268,4032,857,1260,1627,2162,7.6,160,143,132
3413970,vinyl,1,2268,4032,1062,1062,1537,2381,6.85,155,142,133
3414001,vinyl,1,2268,4032,646,1383,1553,2057,6.69,165,149,137
3414038,vinyl,1,2268,4032,822,1673,1512,1981,2.32,148,146,144
3414050,vinyl,1,2268,4032,1169,1761,1575,2281,2.31,155,138,126
3414085,vinyl,1,2268,4032,800,1468,1553,2299,6.84,162,152,140
3414087,vinyl,1,2268,4032,917,1912,1380,2337,2.15,156,139,127
3414348,vinyl,1,2268,4032,976,1670,1443,2347,3.46,176,167,155
3414382,vinyl,1,2268,4032,910,1065,1584,1827,5.62,143,128,117
3414447,vinyl,1,2268,4032,734,1556,1282,2473,5.5,152,130,111
3414461,vinyl,1,2268,4032,822,1509,1471,2366,6.08,159,141,127
3414477,vinyl,1,2268,4032,687,1260,1644,2041,8.17,140,121,108
3414798,vinyl,1,2268,4032,854,1723,1547,2492,5.83,142,134,124
3414854,vinyl,1,2268,4032,844,1666,1452,2419,5.01,151,133,120
3414876,vinyl,1,2268,4032,789,1584,1490,2466,6.76,164,138,116
3414918,vinyl,1,2268,4032,583,1528,1534,2271,7.73,171,165,156
3415103,vinyl,1,2268,4032,756,1685,1581,2438,6.79,140,124,112
3415245,vinyl,1,2268,4032,797,1717,1455,2325,4.37,171,154,139
3415334,vinyl,1,2268,4032,725,1625,1471,2422,6.5,148,124,106
3415461,vinyl,1,2268,4032,733,1896,1310,2712,5.15,158,135,117
3415478,vinyl,1,2268,4032,800,1515,1358,2174,4.02,159,134,117
3415529,vinyl,1,2268,4032,687,1175,1446,1808,5.25,164,139,118
3415659,vinyl,1,2268,4032,939,1496,1317,2025,2.19,172,151,134
3416114,vinyl,1,2268,4032,916,1875,1335,2439,2.58,142,124,111
3416284,vinyl,1,2268,4032,898,1695,1389,2526,4.46,174,168,147
3416457,vinyl,1,2268,4032,580,1619,1191,2107,3.26,149,130,113
3416932,vinyl,1,2268,4032,1030,2158,1622,2611,2.93,165,148,135
3417051,vinyl,1,2268,4032,694,1601,1277,1988,2.47,140,123,111
3417184,vinyl,1,2268,4032,869,1855,1364,2466,3.31,150,128,110
3417376,vinyl,1,2268,4032,849,1742,1490,2596,5.99,156,143,129
3417430,vinyl,1,2268,4032,769,1367,1150,2233,3.61,153,128,108
3417903,vinyl,1,2268,4032,863,1739,1348,2296,2.95,152,131,115
3418275,vinyl,1,2268,4032,992,1503,1503,2208,3.94,161,163,144
3418398,vinyl,1,2268,4032,942,1600,1301,2196,2.34,169,168,156
3418797,vinyl,1,2268,4032,819,1380,1515,2400,7.76,153,139,123
3418823,vinyl,1,2268,4032,747,1670,1518,2567,7.56,147,134,122
3419217,vinyl,1,2268,4032,854,1595,1417,2347,4.63,152,136,120
3419473,vinyl,1,2268,4032,731,1562,1685,2347,8.19,152,139,125
3419511,vinyl,1,2268,4032,739,1499,1594,2416,8.57,149,135,119
3419634,vinyl,1,2268,4032,885,1452,1575,2214,5.75,157,143,126
3419652,vinyl,1,2268,4032,849,1401,1336,2640,6.6,124,121,119
3420038,vinyl,1,2268,4032,791,1298,1383,2221,5.98,150,147,145
3420328,vinyl,1,2268,4032,917,1619,1389,2155,2.77,127,120,113
3420846,vinyl,1,2268,4032,901,1591,1427,2482,5.13,160,143,124
3420877,vinyl,1,2268,4032,702,1578,1458,2545,7.99,181,162,142
3420910,vinyl,1,2268,4032,772,1698,1803,2302,6.81,149,136,122
3421044,vinyl,1,2268,4032,567,1553,1421,2118,5.28,160,154,151
3421075,vinyl,1,2268,4032,860,1258,1377,2473,6.87,180,162,145
3421085,vinyl,1,2268,4032,762,1465,1423,2280,5.89,155,150,149
3422235,vinyl,1,2268,4032,866,1792,1479,2161,2.47,167,144,124
3422790,vinyl,1,2268,4032,762,1499,1534,2189,5.83,128,121,115
3424115,vinyl,1,2268,4032,986,1361,1367,2964,6.68,165,160,155
3424562,vinyl,1,2268,4032,907,1421,1273,1978,2.23,154,152,150
3424597,vinyl,1,2268,4032,841,1424,1279,2007,2.79,148,146,143
3424664,vinyl,1,2268,4032,989,1206,1572,2444,7.89,165,160,155
3424992,vinyl,1,2268,4032,769,1818,1578,2514,6.16,136,136,134
3425102,vinyl,1,2268,4032,721,1556,1521,2501,8.27,160,141,118
3425125,vinyl,1,2268,4032,743,1499,1430,2567,8.02,151,150,149
3425160,vinyl,1,2268,4032,910,1553,1553,2202,4.56,163,144,123
3425169,vinyl,1,2268,4032,876,1755,1455,2362,3.84,166,146,125
3426091,vinyl,1,2268,4032,630,1361,1320,2498,8.58,166,162,157
3426327,vinyl,1,2268,4032,970,1118,1205,2451,3.43,158,134,106
3426583,vinyl,1,2268,4032,885,1704,1383,2372,3.64,147,145,140
3426605,vinyl,1,2268,4032,910,1710,1358,2214,2.47,148,146,140
3426658,vinyl,1,2268,4032,929,1584,1336,2482,4.0,149,148,142
3426774,vinyl,1,2268,4032,983,1679,1424,2274,2.87,148,146,140
3427209,vinyl,1,2268,4032,712,1820,1358,2570,5.3,155,152,149
3427267,vinyl,1,2268,4032,1002,1695,1332,2514,2.96,153,132,110
3427340,vinyl,1,2268,4032,863,1578,1364,2369,4.33,155,131,106
3427391,vinyl,1,2268,4032,852,1596,1331,2392,4.17,161,137,112
3428553,vinyl,1,2268,4032,810,1427,1480,2328,6.6,154,136,115
3428630,vinyl,1,2268,4032,898,1540,1481,2552,6.45,149,130,109
3428984,vinyl,1,2268,4032,762,1572,1534,2501,7.84,158,146,133
3429015,vinyl,1,2268,4032,904,1449,1288,2466,4.27,146,134,122
3429034,vinyl,1,2268,4032,769,1436,1269,2563,6.16,156,141,122
3429271,vinyl,1,2268,4032,835,1610,1399,2325,4.41,161,160,157
3429422,vinyl,1,2268,4032,797,1295,1506,2451,8.96,174,159,139
3443630,vinyl,1,2268,4032,816,1660,1566,2466,6.61,155,148,142
3445533,vinyl,1,2268,4032,816,1509,1572,2422,7.55,156,154,152
3446514,vinyl,1,2268,4032,932,1701,1389,2498,3.98,150,143,137
3453493,vinyl,1,2268,4032,980,1490,1399,2533,4.78,168,165,159
3453828,vinyl,1,2268,4032,839,1546,1452,2333,5.28,137,135,130
3459378,vinyl,1,2268,4032,964,942,1638,1814,6.43,152,146,141
3464398,vinyl,1,2268,4032,945,1544,1493,2539,5.96,165,159,153
3492604,vinyl,1,2268,4032,832,1852,1499,2435,4.25,151,126,106
3503116,vinyl,1,2268,4032,813,1603,1414,2545,6.19,138,133,128
3516574,vinyl,1,2268,4032,794,1496,1468,2249,5.55,131,125,118
3520475,vinyl,1,2268,4032,914,1458,1440,2655,6.89,163,147,130
3404512,glass,1,2268,4032,990,1862,1503,2267,2.27,157,151,143
3405411,glass,1,2268,4032,981,1382,1346,2627,4.97,152,126,109
3407424,glass,1,2268,4032,1021,1506,1405,2174,2.81,153,152,150
3407676,glass,1,2268,4032,964,1874,1361,2410,2.33,158,152,145
3408682,glass,1,2268,4032,888,1386,1373,2826,7.64,168,164,159
3408719,glass,1,2268,4032,895,1682,1452,2611,5.66,151,147,141
3408793,glass,1,2268,4032,891,1654,1493,2744,7.18,156,151,146
3408806,glass,1,2268,4032,920,1849,1288,2536,2.76,167,162,157
3409013,glass,1,2268,4032,944,1458,1404,2794,6.72,155,150,144
3409103,glass,1,1836,3264,627,1419,1184,1944,4.88,164,144,108
3409105,glass,1,2268,4032,929,1282,1339,2627,6.03,165,160,155
3409276,glass,1,1836,3264,592,1329,1221,2009,7.14,165,142,108
3409326,glass,1,1836,3264,691,1331,1150,1907,4.41,165,146,112
3409774,glass,1,2988,5312,1140,1573,1710,3054,5.32,154,152,149
3409789,glass,1,2268,4032,844,1899,1443,2397,3.26,140,135,131
3412229,glass,1,2268,4032,1077,1566,1395,2693,3.92,156,154,152
3412361,glass,1,2268,4032,1021,1452,1344,2504,3.72,143,140,138
3412486,glass,1,2268,4032,989,1361,1288,2498,3.72,145,142,140
3414248,glass,1,2268,4032,797,1405,1588,2397,8.58,121,120,116
3414677,glass,1,2272,4032,958,1046,1386,2526,6.91,128,127,120
3414707,glass,1,2272,4032,989,1361,1415,2781,6.6,137,137,131
3414906,glass,1,2560,1440,1042,602,1612,784,2.81,135,132,124
3414953,glass,1,1440,2560,600,856,788,1470,3.13,147,144,135
3415151,glass,1,2272,4032,926,1676,1871,1924,2.56,138,137,135
3416918,glass,1,2268,4032,841,1443,1484,2718,8.97,149,140,127
3419475,glass,1,2268,4032,1058,1824,1468,2419,2.67,164,140,119
3419566,glass,1,2268,4032,1002,1786,1386,2466,2.86,170,148,126
3421156,glass,1,2272,4032,775,2013,1623,2457,4.11,138,137,136
3421368,glass,1,1836,3264,640,1290,1043,1974,4.6,132,127,123
3421727,glass,1,1836,3264,696,956,1071,2349,8.72,132,127,122
3421829,glass,1,2268,4032,1002,1424,1241,2208,2.05,151,132,117
3421923,glass,1,2268,4032,951,1418,1213,2362,2.7,154,137,123
3421962,glass,1,2268,4032,1008,1373,1288,2372,3.06,151,131,116
3423614,glass,1,2250,4000,1059,1579,1359,2500,3.07,125,117,110
3423742,glass,1,2250,4000,1041,1419,1391,2516,4.27,133,127,120
3429093,glass,1,2268,4032,891,1148,1468,2407,7.94,156,154,153
3429234,glass,1,2268,4032,913,1386,1490,2519,7.15,159,158,153
3429254,glass,1,2268,4032,747,1701,1301,2454,4.56,161,160,156
3429309,glass,1,2268,4032,895,1550,1421,2380,4.77,163,162,158
3429415,glass,1,2268,4032,885,1477,1436,2199,4.35,161,160,156
3429464,glass,1,2268,4032,994,1543,1290,2531,3.2,162,155,146
3429485,glass,1,2268,4032,851,1500,1528,2592,8.08,149,148,148
3436063,glass,1,2268,4032,847,1638,1487,2183,3.81,165,146,124
3446471,glass,1,2268,4032,945,1896,1452,2385,2.71,162,151,144
3457576,glass,1,2268,4032,800,1156,1118,1830,2.34,177,161,135
3498596,glass,1,2250,4000,1006,1709,1328,2428,2.57,138,132,130
3525868,glass,1,2268,4032,822,1629,1528,2589,7.41,158,148,137
3552163,glass,1,2268,4032,910,1348,1324,2905,7.05,143,136,131
3579193,glass,1,2268,4032,866,1263,1361,2441,6.38,146,146,145
3589914,glass,1,1440,2560,554,852,830,1518,4.99,148,146,136
3591509,glass,1,1440,2560,604,1006,810,1554,3.06,128,127,120
3601869,glass,1,2268,4032,926,1449,1298,2470,4.15,176,157,137
3602162,glass,1,2250,4000,947,1372,1275,2434,3.87,153,142,140
3605475,glass,1,2268,4032,791,1582,1515,2139,4.41,163,157,147
3608216,glass,1,2272,4032,901,1279,1346,2403,5.46,175,155,141
3609332,glass,1,2268,4032,810,1770,1351,2315,3.22,176,147,126
3652612,glass,1,2268,4032,804,1687,1277,2076,2.01,150,132,116
3653388,glass,1,1440,2560,635,812,834,1196,2.07,158,147,132
3654934,glass,1,2268,4032,793,1630,1469,2532,6.67,136,133,129
3655163,glass,1,2268,4032,967,1247,1468,2791,8.46,152,146,143
3655816,glass,1,2268,4032,721,1282,1188,2788,7.69,140,133,128
3655845,glass,1,2268,4032,899,1278,1333,2778,7.12,164,158,153
3658371,glass,1,2268,4032,787,1255,1291,2606,7.45,142,136,132
3671668,glass,1,3184,5664,1446,1774,1928,3199,3.81,140,137,135
3677602,glass,1,4000,2250,1513,844,2472,1422,6.16,144,130,115
3679677,glass,1,2268,4032,1002,1651,1295,2281,2.02,169,157,145
3692884,glass,1,2268,4032,646,1619,1720,2117,5.85,159,158,155
3709651,glass,1,2250,4000,1022,1744,1359,2625,3.3,142,137,133
3722998,glass,1,2322,4128,980,1967,1448,2393,2.08,153,152,150
3728083,glass,1,2592,4608,922,1501,1418,2844,5.58,123,117,116
3742590,glass,1,2268,4032,958,1106,1436,2687,8.26,134,130,121
3749334,glass,1,2268,4032,921,1471,1336,2556,4.92,158,156,151
3760673,glass,1,2268,4032,828,1553,1393,2862,8.09,164,159,152
3761720,glass,1,2268,4032,920,1118,1351,2374,5.92,171,165,159
3772691,glass,1,2268,4032,954,1370,1332,2148,3.22,163,148,131
3772718,glass,1,2268,4032,1030,1377,1402,2262,3.6,173,159,145
3784937,glass,1,2268,4032,782,1655,1607,2273,5.58,153,153,148
3791003,glass,1,2250,4000,909,1200,1338,2684,7.07,145,145,141
3802273,glass,1,2250,4000,1001,1368,1282,2415,3.27,154,154,149
3824843,glass,1,2268,4032,474,1764,1456,2238,5.09,158,135,110
3840363,glass,1,2268,4032,971,1282,1414,2407,5.45,124,127,122
3840646,glass,1,2340,4160,884,1606,1453,2613,5.89,171,163,146
3906155,glass,1,2268,4032,882,1520,1263,2687,4.86,124,121,115
3940078,glass,1,4128,2322,1761,895,2528,1319,3.39,159,157,157
3940226,glass,1,4128,2322,1793,918,2392,1367,2.81,155,152,151
3949182,glass,1,2268,4032,1076,1891,1509,2848,4.53,163,149,135
3976014,glass,1,2268,4032,945,1260,1269,2252,3.51,136,128,122
4026903,glass,1,2620,4656,1146,1760,1521,2902,3.51,140,131,123
4058338,glass,1,2592,4608,871,1883,1505,2466,3.09,149,133,120
4058853,glass,1,2272,4032,983,1622,1232,2372,2.04,150,149,148
4059377,glass,1,2592,4608,1040,1897,1678,2840,5.04,161,145,135
4063880,glass,1,2268,4032,1052,1578,1361,2419,2.84,162,141,124
4065052,glass,1,2268,4032,1046,1452,1285,2394,2.46,156,156,154
4065951,glass,1,2268,4032,901,1440,1408,2177,4.09,153,152,151
4067194,glass,1,2322,4128,729,1742,1496,2361,4.95,163,153,147
4067225,glass,1,4128,2322,1567,710,2287,1464,5.66,164,154,150
4075080,glass,1,2592,4608,1260,1782,1606,2909,3.26,158,153,150
4079996,glass,1,2268,4032,973,1348,1219,2300,2.56,163,141,121
4080034,glass,1,2268,4032,983,1449,1235,2397,2.61,153,131,111
4085633,glass,1,2340,4160,1021,1615,1346,2746,3.78,162,146,133
4085781,glass,1,2268,4032,882,1216,1326,2318,5.35,162,158,153
4085866,glass,1,2340,4160,998,1605,1300,2759,3.58,164,149,137
4086180,glass,1,2268,4032,879,1373,1468,2498,7.25,178,167,154
4087539,glass,1,2250,4000,1091,1684,1344,2503,2.3,133,131,132
4095668,glass,1,2268,4032,942,1436,1213,2388,2.82,181,170,159
4095774,glass,1,2268,4032,1002,1527,1247,2422,2.4,167,155,142
4096007,glass,1,1440,2560,530,966,836,1578,5.08,155,150,142
4096421,glass,1,2268,4032,636,1808,1591,2205,4.15,158,145,125
4098837,glass,1,2268,4032,873,1591,1373,2618,5.62,163,153,145
4100108,glass,1,3264,1836,1181,722,1862,1097,4.26,131,126,125
4102104,glass,1,2988,5312,1278,1834,1656,3274,3.43,130,126,118
4109184,glass,1,2592,4608,605,2074,1649,2563,4.27,154,150,144
4109209,glass,1,2592,4608,619,2092,2009,2509,4.85,150,146,141
4109349,glass,1,2592,4608,882,2113,1480,2783,3.35,161,158,155
4113469,glass,1,2592,4608,799,2318,1688,2603,2.12,157,156,155
4113471,glass,1,2592,4608,824,2326,1764,2624,2.35,152,150,149
4115692,glass,1,2268,4032,850,1449,1213,2605,4.59,161,159,159
4117428,glass,1,2268,4032,844,1556,1276,2728,5.54,169,154,139
4117462,glass,1,2268,4032,1008,1893,1291,2722,2.57,176,157,140
4117473,glass,1,2268,4032,967,1717,1222,2533,2.28,170,151,133
4120185,glass,1,4128,2322,1654,648,2112,1651,4.79,150,149,150
4126931,glass,1,2322,4128,764,1500,1271,2761,6.67,162,157,155
4126938,glass,1,2322,4128,541,1888,1642,2317,4.93,160,154,153
4126942,glass,1,2322,4128,697,1800,1625,2486,6.64,155,149,146
4127074,glass,1,2268,4032,876,1458,1310,2596,5.4,160,144,132
4127177,glass,1,2268,4032,999,939,1310,2832,6.44,176,147,127
4130926,glass,1,1602,2848,592,750,1092,1288,5.9,156,147,137
4131595,glass,1,2268,4032,934,1275,1420,2790,8.05,165,163,157
4143629,glass,1,2268,4032,1033,1298,1348,2038,2.55,159,145,131
4146031,glass,1,2268,4032,1071,1418,1358,2151,2.3,144,130,116
4149187,glass,1,2268,4032,1039,1830,1421,2671,3.51,159,136,109
4152872,glass,1,3264,1836,1410,708,1989,1135,4.13,134,134,134
4175309,glass,1,2250,4000,1075,1262,1310,2277,2.65,160,155,147
4179448,glass,1,2620,4656,1114,1870,1496,2794,2.89,171,162,153
4182016,glass,1,2268,4032,1017,1153,1449,2810,7.83,166,154,144
4188429,glass,1,4128,2322,1516,975,2518,1302,3.42,160,156,155
4190887,glass,1,2268,4032,976,1572,1279,2410,2.78,131,122,112
4191746,glass,1,2272,4032,788,1348,1361,2246,5.62,163,149,135
4191862,glass,1,2272,4032,810,1364,1358,2451,6.5,171,159,143
4198128,glass,1,2268,4032,1043,1660,1317,2391,2.19,145,144,143
3404349,pet,1,2268,4032,806,1578,1203,2347,3.34,156,150,143
3404385,pet,1,2268,4032,1096,1502,1383,2388,2.78,150,144,137
3405675,pet,1,2268,4032,971,1399,1359,2602,5.1,167,152,139
3405685,pet,1,2268,4032,942,1405,1285,2558,4.32,154,143,134
3405699,pet,1,2268,4032,967,1430,1320,2611,4.56,151,140,130
3405711,pet,1,2268,4032,948,1400,1296,2562,4.42,150,140,130
3405745,pet,1,2268,4032,1007,1382,1343,2518,4.17,147,137,128
3405769,pet,1,2268,4032,936,1421,1291,2602,4.58,147,137,127
3405873,pet,1,2268,4032,917,1377,1285,2605,4.94,153,143,132
3405888,pet,1,2268,4032,951,1412,1313,2637,4.85,148,137,127
3405901,pet,1,2268,4032,948,1435,1295,2606,4.44,149,138,129
3405922,pet,1,2268,4032,932,1443,1269,2566,4.14,150,139,129
3405937,pet,1,2268,4032,945,1410,1291,2551,4.32,149,138,128
3406575,pet,1,2268,4032,1039,1676,1288,2558,2.4,152,130,114
3406660,pet,1,2268,4032,945,1462,1260,2501,3.58,156,131,113
3406804,pet,1,2268,4032,973,1613,1339,2470,3.43,160,133,115
3407167,pet,1,2272,4032,983,1487,1440,2466,4.88,158,149,142
3407192,pet,1,2268,4032,1162,1547,1433,2284,2.18,157,156,154
3407833,pet,1,2268,4032,942,1351,1304,2520,4.63,157,145,135
3407851,pet,1,2268,4032,986,1496,1269,2416,2.85,156,146,138
3407904,pet,1,2268,4032,1008,1512,1304,2454,3.05,157,145,135
3408129,pet,1,2268,4032,1024,1411,1323,2381,3.17,157,147,139
3408142,pet,1,2268,4032,1008,1610,1282,2501,2.67,156,145,135
3408188,pet,1,2272,4032,955,1354,1311,2602,4.85,154,147,138
3408193,pet,1,2268,4032,1046,1588,1298,2385,2.2,153,143,135
3408200,pet,1,2268,4032,1014,1562,1279,2413,2.47,155,144,137
3408219,pet,1,2268,4032,1043,1553,1291,2344,2.15,151,141,133
3408734,pet,1,2268,4032,520,1865,1758,2262,5.37,151,142,135
3408747,pet,1,2268,4032,972,1428,1300,2466,3.72,145,135,127
3408765,pet,1,2268,4032,510,1821,1773,2224,5.57,146,138,130
3408768,pet,1,2268,4032,1011,1480,1320,2422,3.18,142,132,124
3408781,pet,1,2268,4032,936,1487,1257,2479,3.48,142,132,124
3408783,pet,1,2268,4032,545,1846,1783,2237,5.29,145,138,130
3408794,pet,1,2268,4032,545,1887,1767,2281,5.27,146,138,131
3408803,pet,1,2268,4032,970,1503,1276,2432,3.11,146,136,128
3408843,pet,1,2268,4032,936,1506,1291,2511,3.9,147,137,128
3408844,pet,1,2268,4032,1014,1503,1304,2407,2.87,152,145,138
3408852,pet,1,2268,4032,945,1594,1266,2574,3.44,145,135,127
3408855,pet,1,2268,4032,1008,1540,1295,2435,2.81,154,147,139
3408864,pet,1,2268,4032,923,1594,1247,2564,3.44,146,135,127
3408874,pet,1,2268,4032,992,1534,1307,2470,3.22,143,133,125
3408883,pet,1,2268,4032,1008,1581,1301,2476,2.87,155,147,140
3408889,pet,1,2268,4032,961,1487,1263,2410,3.05,145,135,126
3409699,pet,1,2268,4032,970,1550,1216,2353,2.16,163,160,154
3409927,pet,1,2268,4032,1043,1377,1386,2646,4.76,164,157,148
3409965,pet,1,2268,4032,986,1317,1383,2671,5.88,164,157,148
3410013,pet,1,2268,4032,1002,1615,1280,2490,2.66,153,145,139
3410033,pet,1,2268,4032,1005,1556,1282,2422,2.62,151,144,138
3410041,pet,1,2268,4032,1042,1521,1326,2403,2.74,149,142,136
3410057,pet,1,2268,4032,1022,1516,1314,2416,2.87,147,139,134
3410074,pet,1,2268,4032,1016,1488,1305,2393,2.86,151,144,138
3410671,pet,1,2268,4032,882,1392,1317,2728,6.36,152,145,139
3410684,pet,1,2268,4032,914,1402,1345,2715,6.19,149,142,135
3410695,pet,1,2268,4032,907,1430,1336,2744,6.16,144,137,131
3410711,pet,1,2268,4032,923,1370,1367,2718,6.54,146,139,133
3410726,pet,1,2268,4032,923,1418,1364,2731,6.33,146,139,132
3410772,pet,1,2268,4032,964,1373,1402,2772,6.7,143,137,130
3410783,pet,1,2268,4032,942,1361,1367,2709,6.26,141,134,128
3410796,pet,1,2268,4032,913,1411,1348,2759,6.41,147,140,133
3410811,pet,1,2268,4032,958,1392,1377,2728,6.12,144,137,130
3410830,pet,1,2268,4032,923,1370,1348,2690,6.13,148,141,134
3412656,pet,1,2268,4032,851,1289,1277,2705,6.6,144,140,136
3412770,pet,1,2272,4032,848,1594,1327,2759,6.09,152,149,145
3412808,pet,1,2268,4032,932,1175,1269,2230,3.89,142,139,135
3412964,pet,1,2272,4032,1049,1862,1487,2804,4.5,146,144,141
3413190,pet,1,2272,4032,614,1732,1818,2167,5.72,139,138,137
3414643,pet,1,2268,4032,873,1430,1484,2687,8.4,179,170,158
3415193,pet,1,2268,4032,945,1351,1370,2649,6.03,161,161,157
3415396,pet,1,2268,4032,942,1423,1358,2464,4.74,155,147,138
3417842,pet,1,2268,4032,1024,1440,1417,2753,5.64,143,128,113
3421009,pet,1,2268,4032,816,1635,1150,2479,3.08,160,155,152
3421037,pet,1,2268,4032,869,1140,1247,2643,6.21,157,153,147
3421080,pet,1,2268,4032,920,1125,1301,2649,6.35,157,154,148
3421224,pet,1,2268,4032,970,1669,1302,2375,2.56,160,154,152
3421794,pet,1,2268,4032,1055,1632,1348,2564,2.99,163,143,119
3421817,pet,1,2268,4032,1049,1559,1345,2488,3.01,163,143,121
3421842,pet,1,2268,4032,929,1622,1219,2533,2.89,162,143,122
3421928,pet,1,2268,4032,917,1473,1329,2824,6.09,155,134,111
3422476,pet,1,2268,4032,1039,1418,1402,2347,3.69,167,163,157
3422501,pet,1,2268,4032,894,1358,1307,2466,5.0,169,165,158
3423222,pet,1,2268,4032,999,1452,1273,2425,2.92,161,142,121
3424154,pet,1,2268,4032,961,1748,1329,2602,3.44,158,139,118
3424171,pet,1,2268,4032,1017,1490,1304,2340,2.67,161,142,122
3424206,pet,1,2268,4032,932,1572,1235,2511,3.11,161,142,120
3424222,pet,1,2268,4032,1008,1556,1323,2611,3.63,163,143,121
3424451,pet,1,2268,4032,895,1216,1499,2577,8.99,162,143,121
3424504,pet,1,2268,4032,784,1329,1292,2454,6.25,154,135,114
3427435,pet,1,2268,4032,901,1642,1168,2441,2.33,148,131,113
3428231,pet,1,2268,4032,958,1487,1232,2348,2.58,165,161,156
3428616,pet,1,2268,4032,882,1506,1361,2378,4.57,164,159,155
3429246,pet,1,2268,4032,904,1288,1279,2498,4.96,143,124,109
3450128,pet,1,2268,4032,835,1411,1310,2444,5.37,153,150,145
3450363,pet,1,2268,4032,712,1922,1131,3276,6.2,141,123,106
3450895,pet,1,2268,4032,1000,1344,1323,2535,4.21,170,155,138
3457415,pet,1,2268,4032,948,1392,1310,2425,4.09,176,161,141
3459044,pet,1,2268,4032,707,1696,1347,2323,4.39,170,164,159
3501183,pet,1,2268,4032,970,1480,1296,2516,3.69,173,159,145
3510677,pet,1,2268,4032,567,1701,1512,2243,5.6,131,126,120
3572748,pet,1,2268,4032,1040,1424,1314,2318,2.68,179,164,146
3582243,pet,1,2268,4032,946,1150,1303,2345,4.67,161,159,157
3584731,pet,1,2268,4032,965,1415,1338,2591,4.8,144,140,136
3593669,pet,1,2268,4032,869,1247,1465,2426,7.68,132,129,125
3595107,pet,1,2268,4032,953,1335,1460,2586,6.94,157,149,142
3597276,pet,1,2268,4032,917,1440,1273,2618,4.59,164,161,158
3614902,pet,1,2268,4032,860,1452,1317,2476,5.12,161,157,147
3635232,pet,1,2268,4032,939,1282,1408,2703,7.29,154,142,132
3635958,pet,1,2272,4032,1162,1511,1552,2821,5.58,161,158,155
3637858,pet,1,2268,4032,601,1664,1516,2276,6.12,141,127,118
3661029,pet,1,2268,4032,973,1367,1233,2265,2.55,147,128,110
3664290,pet,1,2268,4032,828,1525,1332,2548,5.64,163,151,139
3669203,pet,1,2268,4032,933,1362,1340,2657,5.76,163,158,157
3675794,pet,1,2268,4032,923,1501,1340,2777,5.82,158,147,136
3687757,pet,1,2268,4032,917,1503,1301,2627,4.72,178,156,136
3732391,pet,1,2268,4032,779,1752,1502,2224,3.73,163,152,138
3785756,pet,1,2268,4032,927,1181,1377,2308,5.55,148,149,148
3814453,pet,1,2268,4032,860,1411,1418,2781,8.36,149,147,145
3881919,pet,1,2268,4032,948,1414,1408,2451,5.22,167,157,147
3912231,pet,1,2268,4032,860,1569,1424,2580,6.24,168,163,158
3937121,pet,1,2268,4032,877,1642,1191,2543,3.09,161,155,150
3996160,pet,1,2268,4032,885,1591,1575,2575,7.42,153,133,113
4009537,pet,1,2268,4032,895,1314,1257,2614,5.15,153,131,108
4011817,pet,1,2268,4032,961,1307,1411,2570,6.22,149,134,121
4030800,pet,1,2268,4032,541,1685,1142,2388,4.62,149,132,119
4032483,pet,1,2268,4032,736,1710,1694,2463,7.89,158,156,154
4052677,pet,1,2268,4032,850,1645,1530,2326,5.06,157,156,153
4058930,pet,1,2272,4032,967,1358,1431,2507,5.82,153,152,150
4065782,pet,1,2268,4032,762,1421,1411,2063,4.56,132,131,130
4065804,pet,1,2268,4032,816,1471,1685,2322,8.09,121,121,120
4065845,pet,1,2268,4032,926,1304,1228,2196,2.95,150,149,148
4065852,pet,1,2268,4032,995,1292,1282,2218,2.91,141,140,140
4065864,pet,1,2268,4032,1005,1332,1339,2344,3.7,123,124,124
4072672,pet,1,2268,4032,917,1257,1295,2151,3.7,160,155,149
4082410,pet,1,2268,4032,1005,1575,1392,2441,3.66,177,147,124
4085949,pet,1,2268,4032,1077,1670,1361,2413,2.31,162,160,156
4086085,pet,1,2268,4032,964,1714,1228,2416,2.03,161,158,154
4086164,pet,1,2268,4032,1027,1503,1379,2320,3.14,164,162,158
4086359,pet,1,2268,4032,852,1541,1191,2593,3.9,136,130,120
4086368,pet,1,2268,4032,891,1406,1255,2415,4.02,141,135,126
4089305,pet,1,2268,4032,1017,1534,1305,2381,2.67,174,166,157
4092672,pet,1,2268,4032,986,1458,1336,2284,3.16,134,123,118
3404277,can,1,2268,4032,643,1761,1729,2401,7.6,162,144,127
3405024,can,1,2268,4032,800,1676,1336,2444,4.5,134,122,109
3406071,can,1,2268,4032,980,1666,1260,2419,2.31,162,149,137
3406200,can,1,2268,4032,1017,1619,1279,2403,2.25,149,129,115
3406213,can,1,2268,4032,961,1795,1263,2526,2.41,161,147,135
3406262,can,1,2268,4032,1049,1540,1384,2406,3.17,166,154,144
3406270,can,1,2268,4032,946,1367,1299,2296,3.59,169,156,145
3406311,can,1,2268,4032,1002,1783,1266,2542,2.19,148,129,115
3406331,can,1,2268,4032,1063,1634,1404,2204,2.13,159,158,155
3406918,can,1,2268,4032,1027,1584,1266,2470,2.32,149,139,129
3406948,can,1,2268,4032,976,1526,1228,2432,2.5,160,155,145
3407270,can,1,2268,4032,902,1462,1347,2543,5.26,179,165,148
3407419,can,1,2268,4032,819,1707,1424,2403,4.6,163,159,150
3407468,can,1,2268,4032,1062,1468,1499,2473,4.8,170,154,137
3407535,can,1,2268,4032,885,1386,1373,2687,6.94,181,167,155
3407570,can,1,2268,4032,863,1389,1329,2580,6.07,169,153,137
3407785,can,1,2268,4032,907,1440,1329,2621,5.45,153,129,112
3407953,can,1,2268,4032,923,1613,1367,2514,4.37,142,136,127
3408029,can,1,2268,4032,958,1351,1427,2677,6.8,151,127,112
3408661,can,1,2272,4032,911,1673,1494,2029,2.27,155,148,139
3409669,can,1,2268,4032,913,1370,1370,2734,6.82,148,144,139
3410141,can,1,2268,4032,939,1074,1314,2492,5.81,149,145,141
3412714,can,1,2268,4032,800,1515,1304,2032,2.85,163,161,159
3413195,can,1,2268,4032,828,1436,1221,2499,4.57,144,142,140
3413830,can,1,2268,4032,1021,1572,1345,2485,3.23,155,153,151
3414159,can,1,2268,4032,1008,1307,1307,2158,2.78,167,154,143
3415078,can,1,2268,4032,942,1792,1370,2517,3.39,162,161,158
3415096,can,1,2268,4032,1017,1745,1402,2479,3.09,161,161,159
3415191,can,1,2272,4032,851,1811,1623,2381,4.8,158,157,150
3415292,can,1,2272,4032,889,1616,1412,2362,4.26,152,150,145
3416621,can,1,2268,4032,989,1436,1276,2460,3.21,168,156,144
3416650,can,1,2268,4032,967,1584,1373,2422,3.72,173,165,146
3417289,can,1,2272,4032,955,1783,1399,2369,2.84,128,123,119
3418941,can,1,2268,4032,992,1710,1452,2199,2.46,153,141,127
3419041,can,1,2268,4032,901,1808,1345,2268,2.23,157,144,129
3419435,can,1,2268,4032,1065,1484,1559,2035,2.98,155,142,129
3419873,can,1,2268,4032,920,1802,1660,2063,2.11,138,120,107
3420617,can,1,2268,4032,895,1663,1395,2110,2.44,134,121,106
3420654,can,1,2268,4032,816,1692,1329,2281,3.3,135,124,112
3420866,can,1,2268,4032,1084,1162,1377,2293,3.62,159,153,151
3421311,can,1,2268,4032,844,1436,1206,2133,2.76,161,158,153
3421332,can,1,2268,4032,866,1559,1298,2189,2.98,163,160,154
3421630,can,1,2268,4032,898,1392,1490,2375,6.36,179,160,141
3421691,can,1,2268,4032,954,1688,1373,2281,2.72,169,152,134
3421970,can,1,2268,4032,907,1773,1569,2249,3.45,178,152,134
3422096,can,1,2268,4032,891,1622,1414,2479,4.9,165,139,111
3422106,can,1,2268,4032,856,1656,1461,2254,3.96,169,144,128
3422926,can,1,2268,4032,898,1673,1320,2337,3.06,161,141,120
3423325,can,1,2268,4032,907,1367,1269,2259,3.53,124,119,114
3423354,can,1,2268,4032,1021,1509,1298,2596,3.29,157,138,117
3423547,can,1,2268,4032,973,1418,1323,2441,3.92,161,139,114
3423640,can,1,2268,4032,1040,1490,1314,2277,2.36,159,136,112
3423795,can,1,2268,4032,1071,1849,1418,2570,2.74,160,142,124
3423858,can,1,2268,4032,1061,1901,1335,2684,2.35,159,141,122
3423901,can,1,2268,4032,1024,1673,1307,2432,2.35,160,141,120
3424229,can,1,2268,4032,728,1594,1430,2400,6.19,163,153,144
3424271,can,1,2268,4032,813,1503,1405,2470,6.26,164,154,145
3424328,can,1,2268,4032,936,1543,1317,2410,3.61,164,154,145
3424344,can,1,2268,4032,772,1603,1521,2350,6.12,171,160,150
3424415,can,1,2268,4032,895,1540,1291,2438,3.89,166,155,146
3424416,can,1,2268,4032,958,1175,1389,1862,3.24,159,157,153
3425684,can,1,2268,4032,1027,1626,1254,2501,2.17,149,148,143
3425768,can,1,2268,4032,826,1597,1405,2177,3.67,146,145,140
3428063,can,1,2268,4032,1011,1402,1323,2652,4.26,155,143,130
3428398,can,1,2268,4032,879,1462,1314,2174,3.39,146,145,142
3428432,can,1,2268,4032,800,1285,1465,2063,5.66,138,137,134
3428927,can,1,2268,4032,791,1496,1484,2211,5.42,149,127,106
3429025,can,1,2268,4032,753,1782,1445,2148,2.77,151,131,110
3429171,can,1,2268,4032,721,1383,1553,2334,8.65,128,125,121
3429209,can,1,2268,4032,677,1525,1647,2350,8.75,148,146,143
3429303,can,1,2268,4032,990,1563,1238,2432,2.36,156,137,118
3429310,can,1,2268,4032,1052,1370,1440,2366,4.23,149,147,145
3429325,can,1,2268,4032,904,1584,1515,2202,4.13,149,149,146
3429347,can,1,2268,4032,970,1566,1496,2419,4.91,152,151,148
3429392,can,1,2268,4032,964,1547,1228,2545,2.88,149,129,109
3429649,can,1,2268,4032,863,1692,1493,2306,4.23,162,160,156
3429684,can,1,2268,4032,904,1474,1484,2460,6.25,162,160,156
3429706,can,1,2268,4032,825,1455,1446,2448,6.74,146,145,141
3439908,can,1,2268,4032,778,1496,1622,2107,5.64,159,151,138
3441943,can,1,2268,4032,879,1704,1515,2340,4.42,151,150,148
3452516,can,1,2268,4032,677,1616,1304,2627,6.93,142,130,117
3492291,can,1,2272,4032,1024,1764,1579,2520,4.58,147,147,145
3503387,can,1,2268,4032,554,1629,1594,1962,3.79,161,160,159
3525066,can,1,2268,4032,863,1562,1355,2101,2.9,165,152,132
3527343,can,1,2268,4032,923,1606,1455,2104,2.9,162,153,143
3528667,can,1,2268,4032,696,1792,1474,2274,4.1,127,123,117
3534646,can,1,2268,4032,803,1651,1553,2259,4.99,166,160,152
3535087,can,1,2268,4032,759,1547,1354,2139,3.85,174,165,154
3536851,can,1,2268,4032,743,1651,1449,2356,5.44,165,159,151
3597576,can,1,2268,4032,787,1531,1503,2350,6.41,164,159,154
3598375,can,1,2268,4032,649,1836,1597,2334,5.16,153,144,134
3600111,can,1,2268,4032,940,1327,1434,2501,6.34,149,143,136
3601409,can,1,2268,4032,876,1200,1531,1862,4.74,155,140,127
3606805,can,1,2272,4032,873,1499,1311,2066,2.71,163,148,136
3608130,can,1,2268,4032,822,1528,1419,2315,5.14,139,137,135
3610668,can,1,2268,4032,910,1682,1644,2272,4.74,149,143,139
3610742,can,1,2268,4032,910,2025,1424,2416,2.2,141,136,131
3611120,can,1,2268,4032,964,2016,1692,2463,3.56,158,152,147
3613277,can,1,2268,4032,841,1745,1307,2186,2.25,155,150,146
3616525,can,1,2268,4032,999,1639,1383,2366,3.05,154,153,152
3627486,can,1,2268,4032,876,1594,1468,2410,5.28,143,139,132
3636537,can,1,2268,4032,967,1877,1534,2454,3.58,148,145,141
3638912,can,1,2268,4032,907,1207,1199,2198,3.16,132,118,110
3643922,can,1,2268,4032,1013,1381,1494,2065,3.6,161,148,132
3644212,can,1,2268,4032,633,1484,1805,1833,4.47,166,157,150
3651679,can,1,2272,4032,893,1963,1517,2382,2.85,158,156,145
3654228,can,1,2268,4032,906,1463,1465,2646,7.23,127,124,119
3656324,can,1,2268,4032,1056,1438,1355,2541,3.61,156,147,140
3657944,can,1,2268,4032,983,1411,1411,2461,4.91,146,140,133
3658247,can,1,2268,4032,844,1345,1490,2471,7.95,156,150,142
3660405,can,1,2268,4032,958,1361,1314,2788,5.56,148,133,116
3677471,can,1,2268,4032,971,1728,1353,2324,2.49,161,151,138
3679493,can,1,2268,4032,806,1537,1412,2431,5.92,148,148,146
3684852,can,1,2268,4032,863,1698,1301,2126,2.05,144,127,111
3693310,can,1,2268,4032,955,1497,1222,2512,2.96,144,132,121
3700710,can,1,2268,4032,923,1394,1358,2725,6.33,130,138,126
3710159,can,1,2268,4032,665,1509,1553,2410,8.75,159,156,152
3736812,can,1,2268,4032,835,1843,1405,2501,4.1,132,131,127
3736855,can,1,2268,4032,841,1761,1421,2372,3.88,127,129,125
3749654,can,1,2272,4032,983,1307,1216,2444,2.89,155,154,153
3790079,can,1,2268,4032,1002,1295,1392,2111,3.48,165,154,142
3822057,can,1,2268,4032,838,970,1364,1937,5.56,154,153,150
3847049,can,1,2268,4032,1044,1391,1334,2027,2.02,170,152,131
3931862,can,1,2268,4032,612,1808,1629,2315,5.64,179,169,157
3957681,can,1,2268,4032,1049,1197,1351,2457,4.16,135,123,111
4007406,can,1,2268,4032,781,1452,1345,2337,5.46,156,151,145
4008912,can,1,2268,4032,910,1493,1420,2290,4.44,145,130,115
4013771,can,1,2268,4032,832,1726,1458,2145,2.87,168,161,154
4050088,can,1,2268,4032,806,1600,1496,1994,2.97,159,152,148
4074326,can,1,2268,4032,942,1452,1219,2577,3.41,161,159,157
4076062,can,1,2268,4032,929,1607,1424,2583,5.28,160,136,121
4079263,can,1,2268,4032,1074,1553,1424,2637,4.15,159,156,154
4081157,can,1,2268,4032,1017,1550,1339,2271,2.54,142,122,108
4082005,can,1,2268,4032,1052,1477,1351,2507,3.37,167,143,111
4085704,can,1,2268,4032,932,1462,1373,2262,3.86,161,157,152
4088772,can,1,2268,4032,1078,1714,1331,2611,2.48,142,141,138
4089225,can,1,2268,4032,994,1474,1311,2427,3.3,153,145,136
4089787,can,1,2268,4032,977,1534,1389,2397,3.89,136,131,126
4090986,can,1,2268,4032,1128,1663,1323,2621,2.04,150,149,146
4091051,can,1,2268,4032,687,1295,1496,1827,4.71,158,156,153
