imagePath,label,Shape_num,width,height,point1_x,point1_y,point2_x,point2_y
3403658,can,1,2272,4032,999,1701,1295,2224
3404065,can,1,2268,4032,1018,1720,1284,2279
3404070,can,1,2268,4032,961,1603,1356,2047
3404277,can,1,2268,4032,643,1761,1729,2401
3404442,can,1,2268,4032,749,1450,1521,2564
3404453,can,1,2268,4032,1046,1622,1332,2208
3404489,can,1,2268,4032,967,1452,1298,2208
3404521,can,1,2268,4032,987,1624,1285,2252
3405024,can,1,2268,4032,800,1676,1336,2444
3405066,can,1,2268,4032,983,1688,1348,2123
3405234,can,1,1440,2560,544,1004,869,1663
3405244,can,1,2268,4032,934,1141,1410,2560
3405334,can,1,1836,3264,649,1369,1057,1844
3405394,can,1,1836,3264,760,1342,1139,1831
3405933,can,1,2250,4000,928,1481,1209,1906
3405997,can,1,2250,4000,1000,1516,1228,1969
3406071,can,1,2268,4032,980,1666,1260,2419
3406200,can,1,2268,4032,1017,1619,1279,2403
3406213,can,1,2268,4032,961,1795,1263,2526
3406262,can,1,2268,4032,1049,1540,1384,2406
3406270,can,1,2268,4032,946,1367,1299,2296
3406311,can,1,2268,4032,1002,1783,1266,2542
3406331,can,1,2268,4032,1063,1634,1404,2204
3406688,can,1,2268,4032,838,1723,1402,2287
3406740,can,1,2268,4032,770,1418,1466,2451
3406853,can,1,2268,4032,885,1981,1386,2296
3406918,can,1,2268,4032,1027,1584,1266,2470
3406920,can,1,2268,4032,832,1947,1351,2255
3406936,can,1,2268,4032,869,766,1369,2680
3406948,can,1,2268,4032,976,1526,1228,2432
3406995,can,1,2610,4640,1147,1694,1644,2571
3407020,can,1,2268,4032,841,844,1355,2668
3407024,can,1,2250,4000,1056,1569,1281,2344
3407047,can,1,2268,4032,849,810,1378,2686
3407073,can,1,2268,4032,958,1452,1428,2532
3407085,can,1,2268,4032,873,907,1421,2751
3407089,can,1,2252,4000,1012,1378,1243,2094
3407104,can,1,2268,4032,838,870,1398,2710
3407147,can,1,2268,4032,791,1080,1468,2668
3407213,can,1,1836,3264,765,1170,1122,1932
3407263,can,1,1440,2560,644,976,770,1436
3407270,can,1,2268,4032,902,1462,1347,2543
3407419,can,1,2268,4032,819,1707,1424,2403
3407453,can,1,1836,3264,706,1150,1221,1920
3407468,can,1,2268,4032,1062,1468,1499,2473
3407485,can,1,1836,3264,687,1244,1189,2116
3407506,can,1,4032,2268,1440,857,2567,1370
3407507,can,1,2252,4000,1000,1609,1218,2309
3407535,can,1,2268,4032,885,1386,1373,2687
3407562,can,1,2268,4032,1040,1732,1285,2240
3407570,can,1,2268,4032,863,1389,1329,2580
3407605,can,1,2268,4032,939,1364,1421,2630
3407785,can,1,2268,4032,907,1440,1329,2621
3407953,can,1,2268,4032,923,1613,1367,2514
3408029,can,1,2268,4032,958,1351,1427,2677
3408152,can,1,1836,3264,765,1244,1076,1935
3408235,can,1,1836,3264,643,1219,1188,1900
3408308,can,1,2268,4032,1055,1632,1304,2268
3408325,can,1,2268,4032,1030,1682,1266,2271
3408332,can,1,2268,4032,1049,1695,1257,2218
3408342,can,1,2268,4032,1040,1660,1254,2196
3408355,can,1,2268,4032,1043,1676,1254,2211
3408385,can,1,2560,1440,858,666,1754,910
3408584,can,1,3184,5664,1479,2319,1708,2788
3408661,can,1,2272,4032,911,1673,1494,2029
3408684,can,1,2592,4608,1102,1886,1710,2228
3408780,can,1,2250,4000,888,1559,1228,2119
3408920,can,1,2268,4032,986,1707,1238,2284
3408948,can,1,2268,4032,986,1723,1228,2296
3408962,can,1,2268,4032,1030,1707,1276,2281
3408969,can,1,2268,4032,1027,1717,1279,2287
3409019,can,1,2250,4000,844,1600,1270,2289
3409055,can,1,2250,4000,800,1450,1231,2303
3409112,can,1,2268,4032,1030,1805,1258,2247
3409124,can,1,2268,4032,1074,1843,1301,2293
3409136,can,1,2268,4032,1046,1833,1277,2287
3409150,can,1,2268,4032,1052,1824,1282,2281
3409170,can,1,2268,4032,1036,1877,1269,2331
3409217,can,1,2268,4032,832,1625,1392,2470
3409579,can,1,1836,3264,638,1316,1242,1943
3409669,can,1,2268,4032,913,1370,1370,2734
3409711,can,1,2268,4032,986,1805,1285,2101
3409758,can,1,2268,4032,961,1811,1226,2214
3409836,can,1,2268,4032,665,1040,1380,2614
3410141,can,1,2268,4032,939,1074,1314,2492
3410281,can,1,2268,4032,951,1717,1304,2287
3410319,can,1,2268,4032,1039,1748,1336,2230
3410351,can,1,2268,4032,1027,1852,1314,2202
3410390,can,1,2268,4032,1027,1606,1288,2259
3410426,can,1,2268,4032,1058,1647,1288,2133
3410453,can,1,2268,4032,1084,1717,1323,2192
3410489,can,1,2268,4032,1087,1638,1310,2218
3410555,can,1,2268,4032,989,1339,1263,2048
3410596,can,1,2268,4032,973,1638,1263,2208
3410625,can,1,2268,4032,1030,1698,1298,2221
3410656,can,1,2268,4032,1002,1981,1332,2492
3410685,can,1,2268,4032,1027,1881,1342,2391
3410728,can,1,2268,4032,992,1827,1273,2400
3410766,can,1,2268,4032,1087,1733,1373,2325
3410876,can,1,2268,4032,1055,1947,1336,2366
3410911,can,1,2268,4032,999,2007,1354,2473
3410940,can,1,2268,4032,1036,1855,1361,2281
3410982,can,1,2268,4032,970,2003,1178,2435
3411042,can,1,2268,4032,961,1921,1159,2375
3411079,can,1,2268,4032,1036,1881,1418,2337
3411108,can,1,2268,4032,986,2066,1364,2520
3411135,can,1,2268,4032,1090,2098,1383,2517
3411182,can,1,4032,2268,1603,873,2671,1408
3411202,can,1,2268,4032,977,2007,1282,2441
3411264,can,1,2268,4032,902,1895,1244,2287
3411291,can,1,2268,4032,973,2060,1304,2243
3411331,can,1,2268,4032,942,1884,1298,2240
3411359,can,1,2268,4032,945,2095,1312,2280
3411379,can,1,2268,4032,945,1921,1285,2274
3411436,can,1,2268,4032,857,2123,1162,2756
3411470,can,1,2322,4128,1051,1832,1319,2364
3411581,can,1,2268,4032,1008,1940,1269,2498
3411872,can,1,1440,2560,690,1038,862,1460
3411979,can,1,2250,4000,841,1819,1271,2266
3412142,can,1,2322,4128,851,1851,1536,2299
3412273,can,1,2268,4032,759,1417,1959,2495
3412624,can,1,2322,4128,1035,1758,1448,2806
3412714,can,1,2268,4032,800,1515,1304,2032
3412870,can,1,2268,4032,844,1373,1257,2208
3412885,can,1,2268,4032,1162,1569,1578,2315
3413009,can,1,2604,4624,1145,1716,1463,2352
3413195,can,1,2268,4032,828,1436,1221,2499
3413622,can,1,2250,4000,472,1697,1941,2072
3413830,can,1,2268,4032,1021,1572,1345,2485
3414159,can,1,2268,4032,1008,1307,1307,2158
3414580,can,1,2268,4032,1008,1905,1408,2810
3414639,can,1,3184,5664,1397,2363,1741,3234
3414640,can,1,2268,4032,885,1818,1458,2652
3414703,can,1,2268,4032,847,1625,1534,2731
3414868,can,1,4608,2592,2056,745,2473,1822
3414972,can,1,4160,2340,1943,780,2467,1524
3414979,can,1,2268,4032,879,1739,1373,2227
3415053,can,1,2268,4032,888,1896,1358,2372
3415078,can,1,2268,4032,942,1792,1370,2517
3415096,can,1,2268,4032,1017,1745,1402,2479
3415191,can,1,2272,4032,851,1811,1623,2381
3415292,can,1,2272,4032,889,1616,1412,2362
3415505,can,1,2268,4032,914,891,1481,2848
3415722,can,1,2268,4032,926,1254,1506,2895
3415936,can,1,4032,2272,2044,926,2385,1468
3416253,can,1,2268,4032,961,1755,1340,2053
3416370,can,1,2268,4032,917,1496,1257,2359
3416621,can,1,2268,4032,989,1436,1276,2460
3416633,can,1,2268,4032,936,1635,1279,2353
3416650,can,1,2268,4032,967,1584,1373,2422
3416691,can,1,2268,4032,965,1551,1358,2400
3416704,can,1,2268,4032,869,1745,1273,2718
3416757,can,1,2268,4032,687,1814,1613,2155
3417289,can,1,2272,4032,955,1783,1399,2369
3417702,can,1,2272,4032,1097,1414,1383,2432
3417891,can,1,2268,4032,973,2007,1273,2306
3418189,can,1,2604,4624,1065,2001,1455,2496
3418454,can,1,2268,4032,932,1849,1140,2372
3418456,can,1,2620,4656,1099,1710,1572,2655
3418476,can,1,2620,4656,1063,1688,1674,2579
3418491,can,1,2268,4032,1096,1868,1304,2419
3418544,can,1,2268,4032,1033,1962,1421,2378
3418551,can,1,4032,2268,1868,954,2526,1162
3418619,can,1,2268,4032,1055,1748,1292,2224
3418624,can,1,2604,4624,1116,2019,1499,2406
3418629,can,1,2268,4032,828,2199,1156,2526
3418717,can,1,2268,4032,832,1455,1254,1799
3418749,can,1,3184,5664,1030,2527,2065,3465
3418802,can,1,2250,4000,913,1344,1166,2438
3418818,can,1,3184,5664,1172,2177,1862,3235
3418941,can,1,2268,4032,992,1710,1452,2199
3419033,can,1,1836,3264,719,1130,1038,1895
3419041,can,1,2268,4032,901,1808,1345,2268
3419042,can,1,1836,3264,714,1326,1104,1895
3419054,can,1,2592,4608,954,1994,1717,2754
3419101,can,1,2592,4608,886,1843,1976,3046
3419122,can,1,2268,4032,907,1953,1411,2463
3419327,can,1,2268,4032,885,1543,1090,2259
3419435,can,1,2268,4032,1065,1484,1559,2035
3419592,can,1,2268,4032,904,1714,1134,2344
3419871,can,1,2268,4032,517,1348,1578,2410
3419873,can,1,2268,4032,920,1802,1660,2063
3419933,can,1,2268,4032,680,1342,1588,2252
3420617,can,1,2268,4032,895,1663,1395,2110
3420654,can,1,2268,4032,816,1692,1329,2281
3420866,can,1,2268,4032,1084,1162,1377,2293
3421198,can,1,2268,4032,992,1386,1222,2025
3421311,can,1,2268,4032,844,1436,1206,2133
3421332,can,1,2268,4032,866,1559,1298,2189
3421630,can,1,2268,4032,898,1392,1490,2375
3421638,can,1,2268,4032,1017,1714,1320,2095
3421685,can,1,2268,4032,1036,1515,1323,1925
3421691,can,1,2268,4032,954,1688,1373,2281
3421925,can,1,2268,4032,964,1465,1364,2221
3421970,can,1,2268,4032,907,1773,1569,2249
3422056,can,1,2250,4000,1066,1712,1456,2450
3422096,can,1,2268,4032,891,1622,1414,2479
3422106,can,1,2268,4032,856,1656,1461,2254
3422330,can,1,2250,4000,834,1669,1619,2456
3422364,can,1,2268,4032,964,1688,1260,2246
3422926,can,1,2268,4032,898,1673,1320,2337
3422960,can,1,2268,4032,891,1465,1361,1937
3422997,can,1,2268,4032,951,1903,1405,2129
3423025,can,1,2268,4032,901,1821,1317,2230
3423037,can,1,2268,4032,939,1314,1266,2457
3423051,can,1,2268,4032,895,1849,1364,2120
3423131,can,1,2250,4000,991,1347,1409,2488
3423187,can,1,2268,4032,680,1405,1607,2344
3423203,can,1,2250,4000,1066,1341,1378,2472
3423270,can,1,2250,4000,1031,1531,1403,2459
3423325,can,1,2268,4032,907,1367,1269,2259
3423354,can,1,2268,4032,1021,1509,1298,2596
3423386,can,1,2268,4032,983,1666,1443,2309
3423547,can,1,2268,4032,973,1418,1323,2441
3423640,can,1,2268,4032,1040,1490,1314,2277
3423764,can,1,2268,4032,1093,1824,1329,2501
3423795,can,1,2268,4032,1071,1849,1418,2570
3423856,can,1,2268,4032,1049,1421,1260,1808
3423858,can,1,2268,4032,1061,1901,1335,2684
3423901,can,1,2268,4032,1024,1673,1307,2432
3424020,can,1,2268,4032,1109,1449,1301,1805
3424103,can,1,1836,3264,586,1395,1308,1762
3424132,can,1,1836,3264,566,1392,1272,1780
3424172,can,1,2268,4032,680,1496,1506,2435
3424229,can,1,2268,4032,728,1594,1430,2400
3424238,can,1,2592,4608,1145,1750,1357,2293
3424241,can,1,2268,4032,1005,1701,1310,2287
3424260,can,1,2592,4608,1177,1577,1440,2128
3424271,can,1,2268,4032,813,1503,1405,2470
3424287,can,1,2268,4032,932,1692,1386,2299
3424320,can,1,2268,4032,1014,1692,1503,2306
3424328,can,1,2268,4032,936,1543,1317,2410
3424344,can,1,2268,4032,772,1603,1521,2350
3424415,can,1,2268,4032,895,1540,1291,2438
3424416,can,1,2268,4032,958,1175,1389,1862
3424436,can,1,2268,4032,835,1934,1490,2117
3424519,can,1,2268,4032,731,1792,1364,1991
3425139,can,1,2268,4032,1024,1761,1292,2151
3425145,can,1,2268,4032,977,1877,1232,2246
3425213,can,1,2268,4032,992,1755,1269,2243
3425273,can,1,2268,4032,929,1833,1411,2180
3425459,can,1,2268,4032,813,1739,1392,2353
3425492,can,1,2268,4032,992,1881,1301,2202
3425497,can,1,2592,4608,1116,1793,1465,2516
3425550,can,1,2268,4032,958,1874,1257,2192
3425684,can,1,2268,4032,1027,1626,1254,2501
3425768,can,1,2268,4032,826,1597,1405,2177
3425837,can,1,2268,4032,724,1736,1616,2101
3425925,can,1,2340,4160,1063,1739,1284,2285
3426058,can,1,2268,4032,910,1984,1336,2205
3426182,can,1,2268,4032,1030,1663,1273,2293
3426521,can,1,2268,4032,715,1638,1351,2520
3426600,can,1,1836,3264,676,1148,1183,2127
3426848,can,1,3264,1836,1146,638,2119,1199
3426877,can,1,3264,1836,1201,625,2073,1163
3426931,can,1,3264,1836,1193,683,2096,1168
3427002,can,1,1836,3264,627,1132,1163,2076
3427169,can,1,3264,1836,1275,635,2170,1178
3427216,can,1,2268,4032,936,1792,1216,2359
3427430,can,1,2268,4032,999,1386,1279,2010
3427478,can,1,2268,4032,961,1751,1232,2252
3427972,can,1,2268,4032,1043,1669,1258,2466
3427999,can,1,4032,2268,1733,863,1975,1493
3428063,can,1,2268,4032,1011,1402,1323,2652
3428398,can,1,2268,4032,879,1462,1314,2174
3428432,can,1,2268,4032,800,1285,1465,2063
3428447,can,1,2268,4032,1008,1606,1229,2255
3428693,can,1,2250,4000,791,1666,1403,2044
3428735,can,1,2250,4000,900,1738,1462,2106
3428892,can,1,2250,4000,972,1644,1353,2097
3428927,can,1,2268,4032,791,1496,1484,2211
3429025,can,1,2268,4032,753,1782,1445,2148
3429171,can,1,2268,4032,721,1383,1553,2334
3429209,can,1,2268,4032,677,1525,1647,2350
3429303,can,1,2268,4032,990,1563,1238,2432
3429310,can,1,2268,4032,1052,1370,1440,2366
3429325,can,1,2268,4032,904,1584,1515,2202
3429347,can,1,2268,4032,970,1566,1496,2419
3429392,can,1,2268,4032,964,1547,1228,2545
3429591,can,1,2268,4032,1008,1005,1200,1751
3429649,can,1,2268,4032,863,1692,1493,2306
3429655,can,1,2268,4032,992,1566,1194,2243
3429657,can,1,1602,2848,605,1364,999,1589
3429684,can,1,2268,4032,904,1474,1484,2460
3429706,can,1,2268,4032,825,1455,1446,2448
3432081,can,1,2250,4000,875,1669,1291,2059
3439908,can,1,2268,4032,778,1496,1622,2107
3440052,can,1,1440,2560,619,1048,770,1519
3440930,can,1,1440,2560,513,1034,930,1582
3441943,can,1,2268,4032,879,1704,1515,2340
3451984,can,1,4032,2268,1969,347,2942,1865
3452516,can,1,2268,4032,677,1616,1304,2627
3452875,can,1,2268,4032,834,981,1361,2773
3453891,can,1,1440,2560,462,850,914,1524
3458621,can,1,2604,4624,1073,1676,1669,3219
3460780,can,1,2250,4000,794,1072,1406,2575
3462080,can,1,2322,4128,948,1789,1392,2032
3477901,can,1,2250,4000,931,1316,1216,1613
3492291,can,1,2272,4032,1024,1764,1579,2520
3503387,can,1,2268,4032,554,1629,1594,1962
3503888,can,1,4032,2268,2060,806,2322,1424
3504168,can,1,2268,4032,873,1755,1443,2079
3504787,can,1,2250,4000,734,1272,1594,2378
3505150,can,1,2268,4032,721,1345,1663,2545
3509948,can,1,5664,3184,1677,1415,3171,2264
3509959,can,1,5664,3184,2161,940,3133,2547
3513492,can,1,2268,4032,1049,1465,1304,2545
3514059,can,1,1836,3264,761,981,1078,2124
3518562,can,1,2268,4032,813,1584,1367,2369
3522870,can,1,2252,4000,1062,1359,1393,2531
3524421,can,1,2268,4032,929,1292,1304,1937
3525066,can,1,2268,4032,863,1562,1355,2101
3527343,can,1,2268,4032,923,1606,1455,2104
3528583,can,1,2268,4032,658,1811,1496,2268
3528667,can,1,2268,4032,696,1792,1474,2274
3528966,can,1,4032,2268,1556,784,2284,1666
3529645,can,1,4608,2592,1688,1163,3096,1508
3534646,can,1,2268,4032,803,1651,1553,2259
3535087,can,1,2268,4032,759,1547,1354,2139
3536851,can,1,2268,4032,743,1651,1449,2356
3538697,can,1,1440,2560,528,1002,898,1494
3544161,can,1,2250,4000,753,1025,1572,2881
3544192,can,1,2250,4000,713,897,1459,2941
3544220,can,1,2250,4000,741,616,1631,2978
3552062,can,1,2268,4032,595,1128,1729,1830
3558597,can,1,2268,4032,1175,1786,1310,2041
3566431,can,1,2268,4032,939,1859,1339,2262
3573466,can,1,2268,4032,967,1610,1348,1972
3579889,can,1,2268,4032,863,1380,1418,2589
3580113,can,1,2268,4032,806,1241,1449,2114
3587252,can,1,2268,4032,791,1742,1647,2186
3596605,can,1,2988,5312,930,2424,2245,2793
3596710,can,1,2988,5312,1038,2511,2125,2764
3596778,can,1,2268,4032,869,1594,1251,2088
3596836,can,1,2988,5312,1525,2196,1745,3093
3597454,can,1,2268,4032,863,1534,1399,2262
3597576,can,1,2268,4032,787,1531,1503,2350
3598301,can,1,2250,4000,963,1238,1306,2512
3598375,can,1,2268,4032,649,1836,1597,2334
3598574,can,1,4032,2272,1755,1017,2521,1221
3599112,can,1,2268,4032,690,1570,1386,2344
3599280,can,1,2268,4032,900,1322,1288,2789
3600062,can,1,2268,4032,794,1550,1503,2271
3600111,can,1,2268,4032,940,1327,1434,2501
3600152,can,1,2268,4032,772,1099,1417,2718
3601409,can,1,2268,4032,876,1200,1531,1862
3601935,can,1,2252,4000,459,1041,1376,1753
3602487,can,1,2250,4000,722,1422,1559,1894
3603065,can,1,3184,5664,1287,1606,1818,3323
3603095,can,1,3184,5664,1420,2491,1875,3421
3603998,can,1,2268,4032,684,1676,1534,2429
3604216,can,1,2268,4032,649,986,1427,3150
3604770,can,1,2268,4032,1005,1692,1295,2233
3605369,can,1,2250,4000,1061,1443,1299,2311
3605993,can,1,2250,4000,1159,1506,1337,2259
3606805,can,1,2272,4032,873,1499,1311,2066
3607495,can,1,2268,4032,1001,1689,1194,2483
3608130,can,1,2268,4032,822,1528,1419,2315
3609032,can,1,1152,2048,406,971,677,1246
3610668,can,1,2268,4032,910,1682,1644,2272
3610742,can,1,2268,4032,910,2025,1424,2416
3611120,can,1,2268,4032,964,2016,1692,2463
3613013,can,1,2268,4032,885,1679,1386,2350
3613277,can,1,2268,4032,841,1745,1307,2186
3614070,can,1,2268,4032,551,1273,1528,2974
3615715,can,1,2268,4032,1014,1644,1314,2451
3616525,can,1,2268,4032,999,1639,1383,2366
3616895,can,1,2620,4656,1088,1721,1477,2906
3620110,can,1,2268,4032,954,1692,1288,2265
3620745,can,1,2268,4032,491,1200,1770,2429
3620949,can,1,2268,4032,1076,1489,1414,2426
3621054,can,1,2268,4032,841,907,1546,2181
3621402,can,1,2268,4032,624,876,1698,2009
3627486,can,1,2268,4032,876,1594,1468,2410
3627660,can,1,2268,4032,914,1235,1367,2492
3627706,can,1,2268,4032,996,1241,1442,2442
3630719,can,1,2268,4032,898,1436,1380,2192
3632396,can,1,2268,4032,774,638,1646,2621
3634818,can,1,2268,4032,772,1629,1402,2095
3635168,can,1,2268,4032,1109,1746,1303,2259
3636537,can,1,2268,4032,967,1877,1534,2454
3637182,can,1,2268,4032,1059,1530,1188,1708
3637439,can,1,4608,2592,1228,1054,3033,1547
3637505,can,1,2268,4032,879,1193,1276,2602
3637619,can,1,2604,4624,1149,1807,1434,2923
3637767,can,1,2322,4128,1125,1340,1411,2635
3637785,can,1,2604,4624,1176,1775,1400,2795
3638666,can,1,2322,4128,932,1350,1407,2831
3638689,can,1,2268,4032,1122,1420,1351,2107
3638912,can,1,2268,4032,907,1207,1199,2198
3638927,can,1,4032,2268,1251,910,2189,1216
3638939,can,1,2268,4032,928,1506,1221,2424
3638948,can,1,4032,2268,1468,1032,2452,1373
3639007,can,1,2268,4032,965,1767,1106,2242
3639268,can,1,3184,5664,1428,2602,1897,3633
3639617,can,1,3184,5664,1402,2359,1782,3248
3639637,can,1,3184,5664,1506,2301,1888,3565
3643922,can,1,2268,4032,1013,1381,1494,2065
3644212,can,1,2268,4032,633,1484,1805,1833
3651679,can,1,2272,4032,893,1963,1517,2382
3654091,can,1,2268,4032,1030,1521,1232,2426
3654228,can,1,2268,4032,906,1463,1465,2646
3655194,can,1,2268,4032,1109,1408,1263,1940
3655611,can,1,2268,4032,1052,1783,1216,2076
3656324,can,1,2268,4032,1056,1438,1355,2541
3657507,can,1,2268,4032,904,1836,1310,2082
3657531,can,1,2268,4032,1230,1574,1390,1990
3657547,can,1,2268,4032,1039,1681,1269,2022
3657644,can,1,2268,4032,806,1616,1206,2088
3657944,can,1,2268,4032,983,1411,1411,2461
3657991,can,1,2268,4032,728,1282,1648,2719
3658247,can,1,2268,4032,844,1345,1490,2471
3660405,can,1,2268,4032,958,1361,1314,2788
3660434,can,1,2268,4032,1082,1660,1247,2470
3660916,can,1,2268,4032,910,1183,1453,2972
3663235,can,1,2268,4032,828,1844,1206,2300
3668538,can,1,1836,3264,711,1413,951,1775
3668998,can,1,1836,3264,632,1418,982,1721
3669937,can,1,1836,3264,622,1484,982,1645
3669972,can,1,2268,4032,655,1375,1629,2706
3670118,can,1,2268,4032,1087,1493,1285,2092
3671535,can,1,2322,4128,580,1047,1719,3293
3672912,can,1,2336,4160,750,1603,1481,3059
3674769,can,1,3184,5664,1114,2614,2022,2978
3677471,can,1,2268,4032,971,1728,1353,2324
3678176,can,1,1836,3264,520,1604,1030,1744
3679224,can,1,2604,4624,1094,1889,1614,2969
3679333,can,1,2604,4624,885,1813,1560,2904
3679433,can,1,1836,3264,782,1566,965,1771
3679493,can,1,2268,4032,806,1537,1412,2431
3679705,can,1,3184,5664,1318,2509,1782,3469
3681204,can,1,2250,4000,1049,1737,1326,2557
3682350,can,1,2268,4032,822,1449,1451,2597
3683233,can,1,2268,4032,901,1320,1203,2637
3683426,can,1,2322,4128,790,1777,1638,2654
3683486,can,1,2322,4128,706,1819,1557,2457
3683496,can,1,2322,4128,648,1862,1691,2521
3683541,can,1,2322,4128,745,1857,1680,2570
3683723,can,1,2268,4032,690,1729,1411,2353
3683738,can,1,2268,4032,582,1690,1582,2469
3684077,can,1,2322,4128,970,1280,1365,2835
3684171,can,1,2268,4032,989,806,1512,2029
3684378,can,1,2250,4000,983,1885,1326,2225
3684852,can,1,2268,4032,863,1698,1301,2126
3685168,can,1,2268,4032,680,1578,1610,2526
3685256,can,1,2252,4000,700,1425,1637,2359
3685277,can,1,2252,4000,494,1116,1530,2522
3685505,can,1,1836,3264,657,1365,1005,1730
3685825,can,1,2268,4032,939,1893,1779,2686
3690213,can,1,2322,4128,1066,1598,1372,2317
3693310,can,1,2268,4032,955,1497,1222,2512
3693902,can,1,2340,4160,950,1453,1456,2661
3696183,can,1,2268,4032,753,1825,1522,2003
3696656,can,1,2250,4000,956,1444,1228,2350
3700710,can,1,2268,4032,923,1394,1358,2725
3701330,can,1,2250,4000,765,1771,1295,1941
3701981,can,1,2268,4032,1080,1506,1317,2533
3704581,can,1,2322,4128,1034,1662,1485,2285
3707900,can,1,4032,2268,1796,917,2331,1260
3709724,can,1,2340,4160,982,2093,1365,2477
3710159,can,1,2268,4032,665,1509,1553,2410
3710169,can,1,2268,4032,605,1540,1543,2451
3710174,can,1,2592,4608,767,1433,1526,2898
3710202,can,1,2268,4032,696,1581,1623,2511
3711062,can,1,2988,5312,1000,1984,1975,3337
3712975,can,1,2322,4128,1129,1329,1487,2519
3717092,can,1,2250,4000,803,1609,1353,2444
3717530,can,1,2252,4000,1025,764,1605,1731
3717565,can,1,2252,4000,800,1050,1327,1872
3735944,can,1,2268,4032,851,1654,1358,2161
3736812,can,1,2268,4032,835,1843,1405,2501
3736855,can,1,2268,4032,841,1761,1421,2372
3738163,can,1,2322,4128,987,787,1558,2254
3742219,can,1,2620,4656,1039,1840,1652,2554
3747001,can,1,2252,4000,931,1663,1477,2353
3749654,can,1,2272,4032,983,1307,1216,2444
3752450,can,1,2252,4000,853,1450,1705,2300
3752472,can,1,2252,4000,928,1219,1493,2122
3752480,can,1,2252,4000,675,1172,1515,1941
3753158,can,1,2322,4128,1090,1732,1322,2622
3762459,can,1,2592,4608,1062,2142,1537,2650
3770624,can,1,2610,4640,1225,1751,1517,2680
3774775,can,1,2250,4000,1004,1564,1336,2474
3776818,can,1,2322,4128,987,1912,1380,2222
3777024,can,1,2322,4128,976,1844,1471,2434
3785441,can,1,2268,4032,1039,1777,1301,2350
3786117,can,1,2268,4032,765,1761,1465,2337
3790079,can,1,2268,4032,1002,1295,1392,2111
3790651,can,1,2250,4000,572,1422,1691,2375
3799666,can,1,2252,4000,959,1264,1295,2618
3799758,can,1,2252,4000,1035,1453,1297,2437
3800892,can,1,2250,4000,816,812,1319,3116
3801047,can,1,2250,4000,872,644,1391,3047
3803779,can,1,2592,4608,1150,1508,1549,2920
3806478,can,1,2268,4032,986,1191,1392,2718
3806525,can,1,2268,4032,882,1468,1392,2893
3806803,can,1,4032,2268,1865,672,2309,1418
3811323,can,1,2268,4032,1033,1695,1301,2284
3816050,can,1,2268,4032,948,1887,1364,2309
3816094,can,1,2268,4032,810,1663,1342,2293
3817124,can,1,2252,4000,768,1831,1474,2078
3817554,can,1,2252,4000,799,2002,1453,2378
3819959,can,1,2268,4032,1104,1508,1542,2498
3822057,can,1,2268,4032,838,970,1364,1937
3822358,can,1,2268,4032,866,1758,1377,2277
3823419,can,1,2268,4032,1099,1666,1276,2293
3831343,can,1,2268,4032,966,1132,1387,2504
3835829,can,1,2268,4032,715,1358,1342,2917
3847049,can,1,2268,4032,1044,1391,1334,2027
3868505,can,1,2268,4032,864,1395,1485,2811
3883793,can,1,2322,4128,1059,1507,1416,2752
3900623,can,1,4608,2592,1492,940,3308,1597
3904720,can,1,2250,4000,980,1271,1327,2281
3912635,can,1,4128,2322,1335,891,2670,1452
3924117,can,1,2268,4032,580,1849,1581,2250
3930582,can,1,4032,2268,1707,1043,2640,1304
3931862,can,1,2268,4032,612,1808,1629,2315
3934150,can,1,4128,2322,1467,871,2354,1367
3935191,can,1,4128,2322,1568,802,2596,1430
3951697,can,1,2268,4032,1070,1568,1328,2501
3957681,can,1,2268,4032,1049,1197,1351,2457
3967996,can,1,4160,2340,1495,302,3084,1957
3979263,can,1,2250,4000,831,1616,1419,1981
3994921,can,1,2988,5312,1365,2382,1764,2895
3994971,can,1,5312,2988,2119,1187,2976,1847
4000661,can,1,4032,2268,1556,1096,2028,1350
4001728,can,1,1836,3264,362,1074,1471,1683
4007406,can,1,2268,4032,781,1452,1345,2337
4008912,can,1,2268,4032,910,1493,1420,2290
4013763,can,1,2268,4032,803,1852,1336,2221
4013771,can,1,2268,4032,832,1726,1458,2145
4030937,can,1,2268,4032,876,1888,1318,2298
4031937,can,1,2592,4608,756,1080,1861,2444
4031965,can,1,2268,4032,913,1320,1547,2681
4032531,can,1,1440,2560,528,1164,888,1412
4032935,can,1,1440,2560,514,1162,944,1618
4033657,can,1,2268,4032,1004,1968,1317,2139
4039073,can,1,2612,4640,1146,1686,1478,2604
4045706,can,1,2268,4032,904,1427,1210,2214
4050088,can,1,2268,4032,806,1600,1496,1994
4055127,can,1,2592,4608,997,1411,1375,3233
4055142,can,1,2592,4608,1033,1746,1415,2988
4060302,can,1,1602,2848,545,1044,1061,1562
4060982,can,1,2268,4032,860,1572,1310,2432
4062027,can,1,2268,4032,967,1537,1408,2435
4063083,can,1,2592,4608,1152,2124,1577,2538
4063658,can,1,2268,4032,1046,1789,1219,2142
4063990,can,1,2250,4000,931,1625,1216,2244
4065323,can,1,1440,2560,610,970,850,1592
4065870,can,1,2268,4032,885,1937,1238,2221
4066057,can,1,4128,2322,1222,944,2690,1393
4066060,can,1,2322,4128,916,1390,1280,2796
4066315,can,1,2268,4032,963,1372,1243,2220
4066508,can,1,2250,4000,922,1634,1281,2000
4069824,can,1,2604,4624,849,1879,1419,3027
4069887,can,1,2604,4624,943,1875,1588,2856
4070548,can,1,2268,4032,1046,1780,1301,2044
4070746,can,1,2268,4032,1090,1704,1358,1994
4071117,can,1,4608,2592,2142,1123,2495,1498
4072032,can,1,4000,2250,1831,903,2278,1334
4072239,can,1,2268,4032,895,1925,1610,2158
4072484,can,1,2268,4032,838,1704,1354,1915
4072536,can,1,2268,4032,813,1830,1307,2047
4072557,can,1,2268,4032,822,1799,1310,1994
4072565,can,1,2268,4032,860,1887,1225,2088
4073575,can,1,1602,2848,552,934,1044,1486
4074326,can,1,2268,4032,942,1452,1219,2577
4075258,can,1,2988,5312,1332,1718,1801,3366
4075296,can,1,2988,5312,1345,1897,1838,3295
4075835,can,1,2268,4032,622,1629,1310,2188
4076062,can,1,2268,4032,929,1607,1424,2583
4076624,can,1,1440,2560,708,1070,894,1418
4077330,can,1,1440,2560,662,1042,950,1600
4077630,can,1,1440,2560,592,950,860,1556
4077937,can,1,2268,4032,983,1474,1273,2448
4079263,can,1,2268,4032,1074,1553,1424,2637
4081157,can,1,2268,4032,1017,1550,1339,2271
4081423,can,1,2272,4032,810,1830,1686,2835
4082005,can,1,2268,4032,1052,1477,1351,2507
4082351,can,1,2340,4160,998,1783,1391,2486
4082516,can,1,2340,4160,858,1592,1277,2464
4082609,can,1,2340,4160,939,1846,1248,2398
4082662,can,1,2340,4160,972,1456,1264,2759
4082687,can,1,2340,4160,845,1771,1398,2327
4082923,can,1,2268,4032,895,1770,1345,2085
4083355,can,1,4032,2268,1918,1080,2293,1373
4085117,can,1,2322,4128,1003,1712,1416,2512
4085147,can,1,2592,4608,1192,1836,1544,3154
4085282,can,1,2250,4000,969,1756,1291,2231
4085673,can,1,2250,4000,1082,1255,1388,2406
4085704,can,1,2268,4032,932,1462,1373,2262
4085746,can,1,1602,2848,614,1279,1035,1471
4086519,can,1,2268,4032,1027,1446,1294,2463
4088772,can,1,2268,4032,1078,1714,1331,2611
4089225,can,1,2268,4032,994,1474,1311,2427
4089452,can,1,2268,4032,748,1482,1479,2226
4089478,can,1,2988,5312,1515,2071,1847,2938
4089548,can,1,2268,4032,1052,1802,1273,2350
4089612,can,1,2268,4032,1027,1761,1345,2353
4089629,can,1,2268,4032,1014,1666,1279,2246
4089787,can,1,2268,4032,977,1534,1389,2397
4090986,can,1,2268,4032,1128,1663,1323,2621
4091051,can,1,2268,4032,687,1295,1496,1827
4091069,can,1,2268,4032,841,1443,1471,2158
4091211,can,1,2268,4032,724,1518,1673,2155
4091736,can,1,2268,4032,854,1584,1326,2205
4092286,can,1,2268,4032,828,1326,1446,2911
4092705,can,1,2268,4032,951,1512,1421,2715
4092931,can,1,2268,4032,715,1421,1644,2287
4093079,can,1,2268,4032,630,1238,1572,2224
4093182,can,1,2268,4032,869,1125,1411,2737
4093243,can,1,2268,4032,907,1131,1380,2844
4093266,can,1,2268,4032,891,1197,1408,2633
4093991,can,1,2268,4032,980,1647,1304,2180
4094030,can,1,4128,2322,1719,1348,2432,1642
4094180,can,1,2268,4032,728,1074,1644,2296
4094279,can,1,2268,4032,718,1244,1600,2388
4094902,can,1,2268,4032,1043,1629,1282,2085
4096367,can,1,1440,2560,480,1048,904,1476
4096396,can,1,2268,4032,986,1610,1247,2296
4096591,can,1,2268,4032,869,1521,1197,2101
4096719,can,1,2592,4608,958,2059,1647,2880
4096858,can,1,2268,4032,832,1493,1455,2524
4097288,can,1,2268,4032,1096,1717,1292,2407
4098372,can,1,2268,4032,639,1125,1597,2892
4099013,can,1,2268,4032,992,1580,1224,2173
4099026,can,1,2268,4032,992,1677,1216,2296
4099037,can,1,2268,4032,993,1662,1177,2316
4099289,can,1,2268,4032,797,1389,1326,2444
4100289,can,1,2988,5312,1386,1892,1722,3083
4100307,can,1,2268,4032,1049,1581,1266,2271
4100312,can,1,2988,5312,1349,2204,1623,3046
4100342,can,1,2988,5312,1320,2079,1602,3154
4102174,can,1,2268,4032,961,1443,1329,2391
4102177,can,1,2988,5312,1253,2123,1697,3378
4103393,can,1,4160,2340,1827,1086,2259,1479
4103408,can,1,2268,4032,728,1452,1543,2066
4103952,can,1,2268,4032,828,1474,1326,2432
4109574,can,1,2268,4032,986,1836,1282,2259
4109782,can,1,4032,2268,1912,980,2356,1288
4109793,can,1,3184,5664,1251,1668,1924,3425
4109801,can,1,2268,4032,999,1726,1251,2183
4109844,can,1,3184,5664,1221,2584,2065,3217
4109910,can,1,3184,5664,1154,2328,2101,3266
4110174,can,1,2268,4032,1036,1771,1254,2514
4110483,can,1,2268,4032,1033,1783,1370,2140
4110491,can,1,2268,4032,1071,1701,1395,2041
4110524,can,1,2268,4032,995,1732,1361,2120
4110525,can,1,2268,4032,1030,1840,1389,2205
4110644,can,1,4624,2604,2037,1000,2442,1470
4110972,can,1,1602,2848,630,1192,918,1707
4110993,can,1,1602,2848,538,1408,1057,1529
4112144,can,1,2268,4032,1115,1714,1323,2041
4112148,can,1,2322,4128,1026,1751,1232,2074
4112234,can,1,2268,4032,1077,1597,1307,2359
4112667,can,1,2268,4032,693,1736,1748,2029
4112668,can,1,2322,4128,803,1925,1729,2167
4113075,can,1,2848,1602,817,596,1537,977
4115275,can,1,2250,4000,528,1631,1756,2234
4115714,can,1,2268,4032,781,1405,1528,2967
4115728,can,1,2268,4032,800,699,1380,2901
4116502,can,1,2268,4032,876,1742,1292,1928
4117737,can,1,2268,4032,914,1200,1367,2120
4117751,can,1,2612,4640,1061,1793,1427,2508
4117792,can,1,2268,4032,1011,1465,1380,2098
4118781,can,1,2268,4032,939,1767,1314,2199
4119052,can,1,2268,4032,1043,1594,1411,2073
4119169,can,1,2268,4032,1049,1701,1291,2196
4119210,can,1,2268,4032,1068,1726,1282,2158
4119246,can,1,2268,4032,1014,1616,1279,2296
4119264,can,1,2268,4032,1008,1767,1260,2410
4119463,can,1,2268,4032,1027,1745,1279,2218
4119985,can,1,2848,1602,1126,803,1464,1028
4120241,can,1,3264,1836,1614,903,1999,1056
4120254,can,1,1836,3264,806,1283,1030,1619
4120372,can,1,1836,3264,785,1448,959,1849
4120461,can,1,1836,3264,829,1459,1084,1706
4120626,can,1,4032,2272,1884,873,2070,1358
4120630,can,1,4032,2268,1544,1055,2325,1399
4120648,can,1,4032,2272,1770,832,2007,1396
4120677,can,1,4032,2272,1846,822,2063,1368
4120679,can,1,2268,4032,731,1833,1345,2249
4125348,can,1,2268,4032,435,1698,1777,2111
4125367,can,1,2268,4032,907,1184,1233,2518
4125407,can,1,2268,4032,825,1729,1525,2151
4125535,can,1,2268,4032,1024,1377,1584,2375
4129149,can,1,2268,4032,866,1704,1499,2123
4129195,can,1,2268,4032,947,2011,1517,2339
4129912,can,1,2268,4032,1033,1770,1392,2255
4129923,can,1,2268,4032,989,1758,1251,2136
4130147,can,1,2268,4032,813,1559,1402,2517
4130474,can,1,2268,4032,740,1550,1531,2340
4131165,can,1,2560,1440,838,530,1592,986
4131935,can,1,2322,4128,726,1593,1416,2258
4131975,can,1,2268,4032,1065,1773,1402,2403
4132874,can,1,1440,2560,688,1084,856,1370
4132886,can,1,1440,2560,622,1128,774,1402
4133101,can,1,2322,4128,1016,1854,1367,2338
4133222,can,1,2322,4128,887,1354,1377,2383
4133415,can,1,2268,4032,1068,1553,1339,2517
4133470,can,1,2268,4032,976,1641,1282,2501
4133523,can,1,2268,4032,986,1644,1263,2602
4133578,can,1,2268,4032,939,1701,1556,2564
4135511,can,1,2268,4032,1080,1660,1342,2192
4135536,can,1,3840,2160,1452,915,2106,1239
4135677,can,1,3840,2160,1536,828,2445,1368
4135716,can,1,2160,3840,855,1515,1197,2220
4135754,can,1,2160,3840,795,1455,1290,2310
4135898,can,1,2160,3840,774,1383,1392,2481
4135964,can,1,2160,3840,846,1623,1251,2328
4135976,can,1,2160,3840,882,1356,1281,2220
4136013,can,1,2160,3840,828,1488,1329,2379
4136194,can,1,2160,3840,738,1356,1341,2457
4136234,can,1,2160,3840,660,1689,1416,2247
4136312,can,1,2160,3840,684,1674,1392,2268
4136325,can,1,2160,3840,762,1740,1488,2358
4136337,can,1,2160,3840,597,1632,1539,2301
4136450,can,1,2160,3840,762,1419,1359,2364
4136478,can,1,2160,3840,855,1500,1368,2277
4137785,can,1,2592,4608,1228,1426,1667,2729
4138359,can,1,2620,4656,1154,1662,1619,2692
4138415,can,1,4656,2620,2128,1077,2932,1437
4138892,can,1,2268,4032,917,1855,1260,2914
4139555,can,1,2252,4000,884,1644,1178,2353
4142223,can,1,2268,4032,958,1465,1260,2300
4142294,can,1,2268,4032,939,1276,1222,2362
4142604,can,1,2268,4032,1084,1518,1241,2218
4142626,can,1,2268,4032,1036,1408,1194,2038
4142647,can,1,2268,4032,1058,1597,1235,1959
4143858,can,1,2268,4032,999,1748,1247,2000
4144977,can,1,2268,4032,992,1921,1266,2192
4145069,can,1,2560,1440,1142,586,1600,924
4145168,can,1,2268,4032,983,1918,1282,2218
4145283,can,1,2268,4032,967,1934,1298,2265
4145589,can,1,2268,4032,1068,1651,1399,2158
4145697,can,1,2268,4032,942,1836,1257,2218
4145877,can,1,2268,4032,794,1805,1488,2079
4147593,can,1,2268,4032,1112,1695,1370,2189
4147628,can,1,2268,4032,1040,1666,1320,2378
4147643,can,1,2268,4032,882,1206,1200,1635
4147650,can,1,2268,4032,983,1581,1481,2255
4148197,can,1,2322,4128,1393,1751,1719,2370
4151543,can,1,2268,4032,917,1758,1153,2114
4156458,can,1,2268,4032,986,1644,1285,2076
4156463,can,1,2268,4032,1014,1676,1295,1959
4158795,can,1,2268,4032,1058,1556,1392,2432
4160801,can,1,4032,2268,1635,1030,2378,1222
4160818,can,1,2268,4032,1052,1405,1254,2196
4160896,can,1,2268,4032,977,1701,1332,2388
4160909,can,1,2268,4032,958,1688,1279,2353
4161793,can,1,4032,2268,1748,636,2192,1430
4162365,can,1,4032,2268,1616,784,2378,1574
4170995,can,1,2592,4608,1058,2164,1764,2768
4172201,can,1,1080,1920,495,769,651,1170
4172214,can,1,1080,1920,479,768,611,1111
4172223,can,1,2268,4032,772,1377,1512,2479
4172236,can,1,1080,1920,468,800,602,1146
4172247,can,1,1080,1920,504,817,630,1141
4172260,can,1,1080,1920,490,829,618,1166
4172267,can,1,1080,1920,494,857,620,1178
4172271,can,1,1080,1920,468,777,597,1117
4172276,can,1,1080,1920,483,799,607,1113
4172283,can,1,1080,1920,427,775,555,1102
4172286,can,1,1080,1920,478,803,591,1100
4172295,can,1,1080,1920,510,768,628,1074
4172308,can,1,1080,1920,494,812,610,1113
4172312,can,1,1080,1920,512,780,629,1086
4172318,can,1,1080,1920,501,802,619,1092
4172331,can,1,1080,1920,497,696,620,1023
4172332,can,1,1080,1920,512,754,629,1044
4172333,can,1,1080,1920,483,843,596,1116
4172336,can,1,1080,1920,500,756,634,1078
4172337,can,1,1080,1920,501,759,619,1056
4172342,can,1,1080,1920,491,771,606,1077
4172343,can,1,1080,1920,506,773,621,1085
4172345,can,1,1080,1920,507,809,626,1116
4172347,can,1,1080,1920,507,775,617,1071
4172349,can,1,1080,1920,492,775,609,1085
4172350,can,1,1080,1920,502,826,615,1120
4172356,can,1,1080,1920,534,777,644,1056
4172358,can,1,1080,1920,481,762,586,1033
4172370,can,1,1080,1920,516,881,612,1121
4172371,can,1,1080,1920,519,807,612,1047
4172377,can,1,1080,1920,493,801,591,1053
4172386,can,1,1080,1920,486,794,590,1073
4173253,can,1,2268,4032,989,1792,1292,2066
4175769,can,1,2250,4000,1016,1378,1294,2150
4176876,can,1,3184,5664,1287,2522,1747,3005
4178138,can,1,2268,4032,1021,1990,1348,2649
4179066,can,1,2250,4000,1047,1550,1328,2341
4179536,can,1,2268,4032,1014,1827,1345,2312
4179553,can,1,2268,4032,879,1912,1399,2126
4181213,can,1,3184,5664,1185,2314,1711,3359
4181244,can,1,3184,5664,924,2106,1716,3221
4181388,can,1,1836,3264,666,1142,1081,1716
4182952,can,1,2268,4032,1052,1503,1355,2322
4184590,can,1,2592,4608,1220,1904,1444,2462
4184637,can,1,2268,4032,627,1733,1480,2186
4185200,can,1,2268,4032,995,2013,1332,2350
4185259,can,1,2268,4032,951,1912,1241,2196
4185338,can,1,2268,4032,929,1821,1244,2155
4185431,can,1,2268,4032,1065,1758,1408,2114
4185464,can,1,2268,4032,1147,1868,1440,2183
4185645,can,1,1836,3264,829,1471,1181,1826
4185903,can,1,2250,4000,1034,1669,1147,2306
4188235,can,1,2268,4032,623,1618,1679,2456
4188504,can,1,2268,4032,1090,1755,1351,2722
4188510,can,1,2268,4032,973,1575,1263,2574
4188547,can,1,2268,4032,983,1506,1247,2703
4188660,can,1,2268,4032,397,1666,1707,2211
4188679,can,1,4128,2322,1248,887,2680,1474
4188695,can,1,2322,4128,999,784,1477,2855
4188705,can,1,2268,4032,958,1364,1395,3150
4189356,can,1,2268,4032,986,1780,1326,2388
4190871,can,1,2268,4032,1036,1610,1424,2589
4191252,can,1,4032,2268,1773,693,2073,1748
4193601,can,1,2988,5312,1266,2013,1706,3171
4193626,can,1,2988,5312,1041,2165,1912,2816
4194411,can,1,5312,2988,2365,1141,3366,1672
4194463,can,1,2988,5312,1278,2042,1843,2764
4194650,can,1,2988,5312,1233,2046,1685,3229
4195029,can,1,2988,5312,1135,1926,1719,2977
4195136,can,1,2988,5312,1206,1950,1761,3027
4195668,can,1,2988,5312,1071,2204,1802,3194
4195696,can,1,2988,5312,1090,1809,1813,2903
4195843,can,1,5312,2988,2248,1153,3281,1785
4196373,can,1,2988,5312,1096,2092,1768,3200
4197005,can,1,2988,5312,1262,1909,1723,3133
4197052,can,1,2988,5312,1079,2067,1859,3179
4197170,can,1,2988,5312,1310,2019,1688,3017
4197364,can,1,2268,4032,1017,1474,1298,2142
4197430,can,1,4032,2268,1811,985,2282,1275
4197670,can,1,2988,5312,1150,2067,1829,3104
4199917,can,1,2268,4032,992,1487,1288,1928
4199952,can,1,2268,4032,974,1676,1360,2101
4199974,can,1,2268,4032,1005,1707,1336,2196
4200102,can,1,2268,4032,1030,1814,1285,2416
4200654,can,1,2268,4032,1024,1944,1213,2416
4200710,can,1,2268,4032,1021,1877,1251,2284
4200848,can,1,2268,4032,986,1852,1244,2303
4200894,can,1,2988,5312,1465,1989,1853,3075
4201654,can,1,2268,4032,970,1666,1232,2145
4201732,can,1,2268,4032,954,1446,1200,2337
4202176,can,1,2268,4032,803,1597,1518,2221
4206376,can,1,2322,4128,835,1980,1506,2416
4207603,can,1,2340,4160,1066,1872,1313,2164
4208337,can,1,2988,5312,1401,1578,1703,2507
4213469,can,1,2268,4032,1115,1544,1329,2438
4213479,can,1,2268,4032,1057,1532,1264,2402
4213498,can,1,2268,4032,1520,1607,866,2493
4213575,can,1,2268,4032,1036,1394,1256,2223
4218339,can,1,2268,4032,942,1618,1392,2458
4218445,can,1,2268,4032,957,1465,1491,2202
4218632,can,1,2268,4032,1271,1823,1035,2171
4218718,can,1,2268,4032,1062,1351,1383,2504
4221389,can,1,2322,4128,1167,1451,1525,2074
4222695,can,1,2268,4032,907,1918,1348,2369
4222704,can,1,2268,4032,1064,2022,1544,2507
4222784,can,1,2268,4032,983,1789,1345,2161
4222958,can,1,2268,4032,948,1512,1222,2246
4229886,can,1,2268,4032,816,1581,1462,2514
4241788,can,1,4128,2322,1516,645,2338,1477
4241922,can,1,4128,2322,1583,923,2485,1574
4242126,can,1,4128,2322,1874,790,2614,1524
4242938,can,1,2250,4000,737,863,1600,2547
4244803,can,1,2268,4032,740,1320,1534,2438
4245313,can,1,2250,4000,934,1009,1416,2262
4248456,can,1,2322,4128,1003,1638,1361,2383
4250262,can,1,4128,2322,1648,874,2535,1435
4250889,can,1,2988,5312,1306,2164,1859,2807
4251803,can,1,3184,5664,1242,2065,2002,3620
4253444,can,1,1836,3264,722,1448,1056,1757
4259791,can,1,2268,4032,802,1626,1459,2330
4260797,can,1,2268,4032,958,1490,1288,2537
4261640,can,1,2268,4032,676,1640,1673,2640
4261663,can,1,2268,4032,1479,731,974,2565
4268470,can,1,2604,4624,950,1340,1521,2572
4270838,can,1,1440,2560,524,1150,884,1526
4270897,can,1,1440,2560,558,1098,930,1488
4274222,can,1,1440,2560,614,990,876,1454
4276004,can,1,2592,4608,972,1066,1508,3380
4276030,can,1,2592,4608,825,1538,2001,2536
4276045,can,1,2592,4608,842,1674,1998,2542
4509568,can,1,2268,4032,904,1947,1395,2362
4517870,can,1,2268,4032,1014,1654,1273,2243
4517951,can,1,2268,4032,888,1443,1436,2466
4519279,can,1,2322,4128,877,1680,1309,2761
4522249,can,1,2252,4000,968,1847,1190,2444
4523658,can,1,2268,4032,1259,1541,993,2121
4523946,can,1,2268,4032,885,1591,1434,2254
4526213,can,1,2268,4032,1035,1449,1331,2557
4526832,can,1,2268,4032,920,1219,1477,2596
4528452,can,1,2268,4032,747,1669,1515,2107
4529065,can,1,2268,4032,954,1830,1292,2167
4530204,can,1,2268,4032,331,1446,1559,3018
4531649,can,1,2268,4032,962,1583,1213,2482
4533185,can,1,2268,4032,765,1725,1262,2231
4535789,can,1,2322,4128,966,1328,1313,2639
4536107,can,1,2268,4032,963,1709,1314,2383
4537648,can,1,2268,4032,857,1167,1446,2668
4547186,can,1,2268,4032,904,1688,1310,2095
4548337,can,1,2268,4032,869,1833,1364,2221
4548502,can,1,2322,4128,659,1253,1546,2916
4548665,can,1,2268,4032,960,1526,1305,2617
4550055,can,1,1440,2560,465,1077,1023,1419
4550388,can,1,2340,4160,824,1779,1657,2209
4550492,can,1,1440,2560,556,944,883,1435
4551531,can,1,2268,4032,1042,1609,1202,2315
4551678,can,1,2620,4656,756,935,2009,2514
4551897,can,1,2336,4160,992,2005,1359,2276
4551933,can,1,2268,4032,1032,1793,1414,2014
4551988,can,1,2336,4160,972,1977,1397,2230
4552942,can,1,2268,4032,1004,1779,1269,2050
4554824,can,1,2268,4032,951,1703,1233,2312
4557394,can,1,2250,4000,828,1902,1454,2128
4557897,can,1,2250,4000,867,1816,1442,2154
4559205,can,1,2322,4128,994,1492,1320,2058
4568825,can,1,2268,4032,844,1263,1205,2387
4570777,can,1,1440,2560,564,848,820,1706
4581788,can,1,3184,5664,1106,1562,1902,3664
4583280,can,1,2268,4032,1008,1575,1314,2766
4584306,can,1,2268,4032,769,1591,1458,2290
4585008,can,1,2268,4032,926,1562,1550,3166
4589403,can,1,2268,4032,970,1695,1380,2230
4589771,can,1,2592,4608,492,950,1838,3479
4590158,can,1,1836,3264,663,1395,984,1724
4595913,can,1,2272,4032,1028,1404,1292,2678
4602651,can,1,2592,4608,1271,2381,1555,2750
4606920,can,1,2322,4128,1104,1629,1367,2723
4608897,can,1,2268,4032,765,1750,1229,1999
4609969,can,1,2268,4032,1052,1543,1339,2581
4618367,can,1,2268,4032,901,1572,1228,2394
4618689,can,1,2268,4032,983,1855,1468,2381
4621686,can,1,2268,4032,835,1644,1295,2429
4625534,can,1,2268,4032,702,1578,1581,2196
4626486,can,1,2268,4032,850,1751,1619,2671
4629126,can,1,2268,4032,1051,1741,1260,2041
4630836,can,1,1440,2560,478,1020,1080,1220
4631737,can,1,2604,4624,1123,1965,1708,2522
4641403,can,1,3096,5504,800,2109,2430,3549
4641978,can,1,5312,2988,1861,1047,2986,1880
4642812,can,1,1440,2560,527,512,839,1847
4653025,can,1,1836,3264,796,1198,1135,2066
4656034,can,1,2268,4032,1121,1679,1238,2098
4656057,can,1,2268,4032,1011,1625,1181,2227
4656740,can,1,2268,4032,1074,1786,1156,2041
4657339,can,1,2268,4032,797,1556,1377,2133
4664546,can,1,2322,4128,906,1461,1342,2096
4685666,can,1,2268,4032,753,1764,1619,2466
4686890,can,1,2272,4032,882,1701,1506,2110
4687809,can,1,3184,5664,1221,2133,2017,3686
4687885,can,1,3184,5664,1075,2509,2087,3637
4688967,can,1,2592,4608,634,1663,1836,2570
4691176,can,1,2268,4032,583,1289,1479,2747
4702745,can,1,2252,4000,875,1578,1384,2219
4704267,can,1,2340,4160,969,1875,1378,2281
4708545,can,1,2268,4032,954,1789,1266,2107
4716743,can,1,1080,1920,490,834,590,1088
4716746,can,1,1080,1920,504,852,599,1094
4716785,can,1,1080,1920,462,867,580,1087
4724009,can,1,2268,4032,951,1625,1298,2271
4724089,can,1,2268,4032,873,1380,1477,2391
4724845,can,1,2268,4032,917,1537,1197,2630
4725545,can,1,2268,4032,791,1323,1515,2832
4725708,can,1,2252,4000,887,1019,1370,2888
4731858,can,1,2988,5312,1259,1862,1695,3489
4736778,can,1,2268,4032,898,1615,1264,1830
4736853,can,1,2268,4032,721,1676,1770,1926
4739896,can,1,2268,4032,665,1517,1588,2410
4742637,can,1,1440,2560,560,1174,882,1468
4743412,can,1,2268,4032,396,815,1954,2333
4743798,can,1,3184,5664,1074,2645,2204,3362
4743801,can,1,3184,5664,1292,2193,2006,3303
4743813,can,1,3184,5664,818,2620,2253,3347
4747107,can,1,2268,4032,923,1670,1336,2085
4757176,can,1,1440,2560,392,1044,962,1448
4763147,can,1,2268,4032,926,1707,1345,2318
4765698,can,1,2268,4032,925,1579,1206,2463
4766366,can,1,2268,4032,551,1663,1767,2115
4770680,can,1,2268,4032,617,1055,1707,2151
4771223,can,1,2268,4032,899,1617,1375,2411
4771252,can,1,2268,4032,702,1193,1601,2560
4771340,can,1,2268,4032,943,1610,1540,2407
4771407,can,1,2268,4032,906,1632,1386,2458
4771864,can,1,2268,4032,907,1926,1378,2771
4772327,can,1,2268,4032,794,1868,1386,2451
4773673,can,1,2268,4032,1008,1823,1281,2273
4773798,can,1,2268,4032,855,1563,1452,2312
4777119,can,1,2268,4032,1013,1805,1259,2049
4780256,can,1,4032,2268,1680,779,2110,1514
4781543,can,1,4624,2604,1875,1076,2959,1318
4782069,can,1,2322,4128,902,1892,1484,2391
4784342,can,1,2268,4032,1074,1594,1427,2158
4791568,can,1,2268,4032,898,1427,1378,1906
4796005,can,1,2268,4032,1065,1514,1282,2278
4802226,can,1,2268,4032,802,1622,1491,2318
4802376,can,1,2268,4032,856,1366,1391,2378
4805688,can,1,2268,4032,1062,1411,1377,2252
4812018,can,1,2250,4000,853,1400,1292,2353
4817409,can,1,2268,4032,818,1481,1570,2863
4819348,can,1,2268,4032,863,1739,1518,2344
4824618,can,1,4608,2592,1885,923,2802,1536
4824987,can,1,2268,4032,992,1769,1342,2189
4825006,can,1,2268,4032,1044,1757,1411,2303
4825952,can,1,1440,2560,544,1016,938,1466
4827109,can,1,2268,4032,881,1398,1286,2674
4830052,can,1,2268,4032,989,1263,1374,2539
4834422,can,1,4032,2268,1827,1031,2204,1180
4840892,can,1,2250,4000,875,1491,1235,2615
4841415,can,1,2592,4608,1058,1724,1844,2548
4844283,can,1,2268,4032,633,1698,1265,2333
4844335,can,1,2268,4032,769,1462,1573,3417
4845505,can,1,2268,4032,775,1320,1484,2183
4846376,can,1,2268,4032,840,1531,1410,2388
4850702,can,1,2268,4032,909,1484,1230,2676
4850947,can,1,2268,4032,754,1391,1213,2664
4854350,can,1,2268,4032,778,1559,1304,2555
4856816,can,1,2268,4032,532,1675,1815,2316
4857177,can,1,2250,4000,747,1559,1512,2297
4865315,can,1,5664,3184,2089,1291,3514,1874
4870649,can,1,4032,2268,1120,926,3105,1593
4871289,can,1,2268,4032,1099,1358,1287,1702
4877381,can,1,2250,4000,947,1912,1303,2200
4877564,can,1,2250,4000,941,1953,1303,2184
4878255,can,1,4032,2268,1553,923,2597,1318
4878429,can,1,4032,2268,1228,1021,2303,1401
4878455,can,1,2268,4032,973,1449,1336,2734
4880504,can,1,2268,4032,825,1490,1468,2562
4886822,can,1,3184,5664,995,1898,2229,3761
4889767,can,1,2268,4032,810,1373,1462,2659
4907430,can,1,2268,4032,932,1720,1461,2027
4908397,can,1,2322,4128,906,1735,1377,2254
4915086,can,1,2250,4000,1101,2026,1556,2684
4915630,can,1,2268,4032,1024,1471,1420,2425
4916611,can,1,2268,4032,693,1632,1483,2419
4918326,can,1,2268,4032,772,1944,1496,2520
4919281,can,1,2268,4032,926,1811,1342,2029
4922756,can,1,2268,4032,891,1688,1269,2230
4923152,can,1,2268,4032,946,2082,1358,2369
4931465,can,1,1440,2560,421,1034,956,1528
4931500,can,1,2268,4032,847,1162,1314,2511
4939976,can,1,1602,2848,581,988,1017,1692
4941516,can,1,2604,4624,489,1792,2114,2676
4941541,can,1,2604,4624,104,1688,2254,2570
4941996,can,1,2268,4032,1052,1657,1581,2599
4944407,can,1,2268,4032,989,1792,1260,2466
4944749,can,1,2988,5312,1274,2552,2046,2914
4944926,can,1,2268,4032,765,1257,1225,2048
4945092,can,1,2268,4032,986,1796,1310,2454
4946522,can,1,2268,4032,759,961,1521,2281
4949147,can,1,2322,4128,1045,1832,1277,2509
4951893,can,1,2268,4032,810,1606,1666,3163
4961851,can,1,3184,5664,1269,1659,1888,3628
4965073,can,1,2268,4032,1034,1387,1255,2101
4967547,can,1,2592,4608,745,1451,1516,3164
4970683,can,1,2988,5312,1461,2241,1793,3146
4970716,can,1,2988,5312,1361,2316,1697,3216
4970724,can,1,3184,5664,1437,1633,1968,3633
4971216,can,1,2988,5312,1357,2270,1814,2781
4972404,can,1,2250,4000,1017,1468,1300,2515
4974871,can,1,2268,4032,1021,1613,1275,2524
4976903,can,1,2988,5312,1183,1880,1821,2749
4977983,can,1,1602,2848,790,1246,888,1393
4979730,can,1,2268,4032,942,1452,1493,2520
4983667,can,1,2592,4608,884,1509,1622,2628
4990278,can,1,2252,4000,750,1659,1577,2484
4994765,can,1,2252,4000,936,1767,1301,2129
4997149,can,1,2620,4656,877,1306,1506,3274
4997485,can,1,2620,4656,1035,1493,1689,3250
4998465,can,1,2268,4032,961,1653,1379,2300
5002966,can,1,2560,1440,1008,506,1542,904
5019335,can,1,2268,4032,864,1572,1497,2400
5041475,can,1,2268,4032,539,1430,1737,2391
5054083,can,1,2988,5312,1245,1920,1826,2988
5054226,can,1,2988,5312,1097,2228,1779,2915
5055018,can,1,1440,2560,690,921,886,1447
5055281,can,1,2988,5312,934,2195,1755,3034
5056399,can,1,2268,4032,873,1600,1383,2454
5060185,can,1,2620,4656,888,1633,1667,2795
5061186,can,1,3184,5664,1022,2035,2292,3300
5063722,can,1,2620,4656,997,1470,1772,3230
5064937,can,1,2620,4656,1099,1644,1772,2783
5064996,can,1,2620,4656,1048,1556,1576,3417
5065013,can,1,2620,4656,764,1404,1659,3176
5066185,can,1,2268,4032,684,1427,1562,2180
5066264,can,1,2620,4656,972,1924,1845,2986
5070662,can,1,2620,4656,731,1793,1779,2877
5072603,can,1,2268,4032,866,2007,1184,2589
5072891,can,1,1440,2560,506,1068,964,1484
5073171,can,1,2268,4032,995,1944,1276,2495
5076606,can,1,2268,4032,920,1402,1569,2703
5076726,can,1,2268,4032,863,1477,1656,2306
5076863,can,1,2268,4032,765,1603,1555,2497
5077990,can,1,2268,4032,887,1445,1349,2266
5080442,can,1,4128,2322,1295,785,2922,1467
5084269,can,1,2322,4128,927,1796,1416,2722
5090242,can,1,2592,4608,1033,1904,1541,2686
5090268,can,1,2592,4608,1120,2147,1560,2676
5091448,can,1,2988,5312,1050,2274,1793,3046
5094962,can,1,2268,4032,847,1395,1455,2397
5097564,can,1,2610,4640,671,1725,1899,2824
5130021,can,1,2268,4032,1134,1647,1427,2186
5131204,can,1,2268,4032,863,1808,1358,2063
5144180,can,1,2268,4032,737,1377,1616,2334
5158333,can,1,2604,4624,1246,2052,1574,2788
custom_00186,can,1,2268,4032,808,1364,1249,2195
custom_00187,can,1,2268,4032,802,1744,1303,2272
custom_00188,can,1,2268,4032,1102,2179,1332,2530
custom_00189,can,1,2268,4032,738,1943,1386,2700
custom_00190,can,1,2268,4032,907,1808,1233,2486
