imagePath,label,Shape_num,width,height,point1_x,point1_y,point2_x,point2_y,ascept_ratio
3403788,glass,1,4032,2272,1435,972,2672,1185,2.88
3404512,glass,1,2268,4032,990,1862,1503,2267,2.27
3404820,glass,1,2268,4032,964,1695,1241,2718,3.1
3405411,glass,1,2268,4032,981,1382,1346,2627,4.97
3405712,glass,1,2268,4032,973,1426,1269,2598,3.79
3405778,glass,1,2268,4032,914,1484,1340,2622,5.3
3405881,glass,1,2268,4032,850,1550,1495,2550,7.05
3405964,glass,1,2268,4032,879,1414,1415,2629,7.12
3406037,glass,1,2268,4032,841,1449,1439,2523,7.02
3406717,glass,1,2610,4640,1051,1773,1678,2759,5.1
3406869,glass,1,2610,4640,1236,2016,1573,2856,2.34
3406915,glass,1,2268,4032,966,1327,1397,2707,6.5
3407076,glass,1,2268,4032,1027,1314,1301,2172,2.57
3407424,glass,1,2268,4032,1021,1506,1405,2174,2.81
3407676,glass,1,2268,4032,964,1874,1361,2410,2.33
3408575,glass,1,2268,4032,932,1477,1369,2602,5.38
3408682,glass,1,2268,4032,888,1386,1373,2826,7.64
3408719,glass,1,2268,4032,895,1682,1452,2611,5.66
3408793,glass,1,2268,4032,891,1654,1493,2744,7.18
3408806,glass,1,2268,4032,920,1849,1288,2536,2.76
3408879,glass,1,2268,4032,857,1531,1515,2964,10.31
3408933,glass,1,2268,4032,733,1613,1435,2721,8.51
3409013,glass,1,2268,4032,944,1458,1404,2794,6.72
3409066,glass,1,1836,3264,650,1364,1125,1935,4.53
3409098,glass,1,2268,4032,1024,1575,1232,2133,1.27
3409103,glass,1,1836,3264,627,1419,1184,1944,4.88
3409105,glass,1,2268,4032,929,1282,1339,2627,6.03
3409276,glass,1,1836,3264,592,1329,1221,2009,7.14
3409292,glass,1,2268,4032,545,1818,1701,2350,6.73
3409303,glass,1,1836,3264,683,1448,1137,1974,3.98
3409320,glass,1,2268,4032,1150,1736,1471,2016,0.98
3409322,glass,1,2268,4032,775,2003,1484,2375,2.88
3409326,glass,1,1836,3264,691,1331,1150,1907,4.41
3409774,glass,1,2988,5312,1140,1573,1710,3054,5.32
3409789,glass,1,2268,4032,844,1899,1443,2397,3.26
3410299,glass,1,2252,4000,1028,1562,1346,2463,3.18
3410653,glass,1,2252,4000,1040,1562,1409,2309,3.06
3412193,glass,1,2268,4032,1055,1556,1348,2649,3.5
3412229,glass,1,2268,4032,1077,1566,1395,2693,3.92
3412267,glass,1,2268,4032,1320,1603,1487,2107,0.92
3412279,glass,1,2268,4032,1106,1487,1291,1981,1.0
3412361,glass,1,2268,4032,1021,1452,1344,2504,3.72
3412392,glass,1,2268,4032,1071,1468,1418,1855,1.47
3412449,glass,1,2322,4128,955,1835,1616,2561,5.01
3412486,glass,1,2268,4032,989,1361,1288,2498,3.72
3414188,glass,1,2268,4032,951,1635,1455,2293,3.63
3414224,glass,1,2268,4032,1002,1484,1254,2070,1.61
3414248,glass,1,2268,4032,797,1405,1588,2397,8.58
3414589,glass,1,4032,2272,1395,930,2479,1355,5.03
3414677,glass,1,2272,4032,958,1046,1386,2526,6.91
3414707,glass,1,2272,4032,989,1361,1415,2781,6.6
3414828,glass,1,2268,4032,1049,1553,1410,2601,4.14
3414840,glass,1,2560,1440,1188,454,1336,886,1.73
3414906,glass,1,2560,1440,1042,602,1612,784,2.81
3414953,glass,1,1440,2560,600,856,788,1470,3.13
3414983,glass,1,4160,2340,1901,387,2233,1732,4.59
3415151,glass,1,2272,4032,926,1676,1871,1924,2.56
3416730,glass,1,2848,1602,1317,676,1422,935,0.6
3416816,glass,1,2268,4032,992,1644,1380,2362,3.05
3416918,glass,1,2268,4032,841,1443,1484,2718,8.97
3417065,glass,1,4032,2268,2013,803,2136,1186,0.52
3417704,glass,1,2268,4032,1065,1603,1266,2208,1.33
3418075,glass,1,2268,4032,1017,1644,1345,2520,3.14
3419020,glass,1,2268,4032,970,1679,1301,2564,3.2
3419475,glass,1,2268,4032,1058,1824,1468,2419,2.67
3419566,glass,1,2268,4032,1002,1786,1386,2466,2.86
3419640,glass,1,3184,5664,1468,2221,1782,3235,1.77
3419665,glass,1,2268,4032,806,1632,1566,2504,7.25
3420386,glass,1,2268,4032,1200,1562,1480,2448,2.71
3420412,glass,1,2268,4032,1093,1380,1364,2318,2.78
3420870,glass,1,2268,4032,891,1409,1310,2668,5.77
3421156,glass,1,2272,4032,775,2013,1623,2457,4.11
3421368,glass,1,1836,3264,640,1290,1043,1974,4.6
3421727,glass,1,1836,3264,696,956,1071,2349,8.72
3421829,glass,1,2268,4032,1002,1424,1241,2208,2.05
3421870,glass,1,2268,4032,1036,1433,1279,2164,1.94
3421923,glass,1,2268,4032,951,1418,1213,2362,2.7
3421962,glass,1,2268,4032,1008,1373,1288,2372,3.06
3422110,glass,1,2610,4640,1170,400,1711,2360,8.76
3422317,glass,1,2268,4032,951,1562,1503,2362,4.83
3422577,glass,1,2268,4032,1055,1477,1427,2630,4.69
3422648,glass,1,2268,4032,1002,1616,1194,2211,1.25
3423193,glass,1,2268,4032,961,1688,1355,2315,2.7
3423537,glass,1,2268,4032,1074,1685,1219,2129,0.7
3423614,glass,1,2250,4000,1059,1579,1359,2500,3.07
3423742,glass,1,2250,4000,1041,1419,1391,2516,4.27
3423778,glass,1,2268,4032,1017,1228,1288,2070,2.5
3424017,glass,1,2268,4032,1062,1566,1537,2501,4.86
3424211,glass,1,2592,4608,1375,2110,1512,2549,0.5
3424219,glass,1,2268,4032,1011,1477,1222,1852,0.87
3424443,glass,1,2268,4032,806,1748,1408,2325,3.8
3425041,glass,1,2268,4032,1288,1881,1493,2492,1.37
3426012,glass,1,2268,4032,841,1370,1348,2690,7.32
3426164,glass,1,2268,4032,980,1849,1162,2375,1.05
3428298,glass,1,2268,4032,1008,1411,1194,2208,1.62
3429093,glass,1,2268,4032,891,1148,1468,2407,7.94
3429116,glass,1,2268,4032,832,1405,1682,2659,11.66
3429234,glass,1,2268,4032,913,1386,1490,2519,7.15
3429254,glass,1,2268,4032,747,1701,1301,2454,4.56
3429309,glass,1,2268,4032,895,1550,1421,2380,4.77
3429346,glass,1,2268,4032,813,1298,1521,2367,8.28
3429415,glass,1,2268,4032,885,1477,1436,2199,4.35
3429464,glass,1,2268,4032,994,1543,1290,2531,3.2
3429485,glass,1,2268,4032,851,1500,1528,2592,8.08
3435318,glass,1,2268,4032,953,1519,1204,2349,2.28
3436063,glass,1,2268,4032,847,1638,1487,2183,3.81
3436585,glass,1,2268,4032,1033,1414,1427,2444,4.44
3440119,glass,1,2268,4032,743,917,1616,3002,19.9
3441225,glass,1,2268,4032,955,1585,1170,1835,0.59
3446471,glass,1,2268,4032,945,1896,1452,2385,2.71
3448872,glass,1,2268,4032,1002,1540,1317,2533,3.42
3457576,glass,1,2268,4032,800,1156,1118,1830,2.34
3458548,glass,1,2268,4032,847,1515,1326,2863,7.06
3460027,glass,1,2322,4128,1077,1654,1293,2258,1.36
3460043,glass,1,2322,4128,1081,1763,1286,2330,1.21
3473874,glass,1,2268,4032,910,1912,1342,2331,1.98
3477936,glass,1,2250,4000,916,1031,1362,2212,5.85
3487593,glass,1,2272,4032,1012,1862,1311,2186,1.06
3498596,glass,1,2250,4000,1006,1709,1328,2428,2.57
3503998,glass,1,4032,2268,2151,945,2363,1616,1.56
3516735,glass,1,2268,4032,1033,1890,1251,2303,0.98
3523157,glass,1,2268,4032,1021,1647,1301,2353,2.16
3525185,glass,1,2268,4032,879,1824,1364,2337,2.72
3525868,glass,1,2268,4032,822,1629,1528,2589,7.41
3533695,glass,1,2268,4032,873,1755,1204,1930,0.63
3539550,glass,1,2268,4032,1150,1758,1354,2180,0.94
3539786,glass,1,2250,4000,1041,1562,1266,2175,1.53
3540120,glass,1,2268,4032,1011,1487,1225,2063,1.35
3542250,glass,1,2268,4032,803,1742,1506,2448,5.43
3552163,glass,1,2268,4032,910,1348,1324,2905,7.05
3558877,glass,1,3184,5664,1128,1478,1893,3970,10.57
3559498,glass,1,2268,4032,715,652,1688,3560,30.94
3559651,glass,1,2268,4032,795,1156,1537,3395,18.17
3559675,glass,1,2250,4000,1047,1619,1297,2328,1.97
3564190,glass,1,2610,4640,1022,2074,1425,2480,1.35
3569807,glass,1,2268,4032,665,60,1966,3695,51.72
3570005,glass,1,2268,4032,580,265,1843,3969,51.16
3579193,glass,1,2268,4032,866,1263,1361,2441,6.38
3589914,glass,1,1440,2560,554,852,830,1518,4.99
3591509,glass,1,1440,2560,604,1006,810,1554,3.06
3596948,glass,1,2268,4032,939,1575,1247,2240,2.24
3599046,glass,1,2268,4032,976,1692,1301,2240,1.95
3600210,glass,1,1836,3264,495,1336,1023,1660,2.85
3600322,glass,1,2268,4032,570,1225,1777,3093,24.66
3601869,glass,1,2268,4032,926,1449,1298,2470,4.15
3602162,glass,1,2250,4000,947,1372,1275,2434,3.87
3602864,glass,1,2268,4032,942,1843,1455,2133,1.63
3603098,glass,1,2268,4032,421,1357,1370,2807,15.05
3605221,glass,1,2560,1440,463,573,1760,1000,15.02
3605475,glass,1,2268,4032,791,1582,1515,2139,4.41
3606842,glass,1,2268,4032,507,1304,1723,2511,16.05
3608216,glass,1,2272,4032,901,1279,1346,2403,5.46
3609332,glass,1,2268,4032,810,1770,1351,2315,3.22
3614288,glass,1,2268,4032,832,1795,1496,2485,5.01
3614347,glass,1,2268,4032,838,1540,1315,2356,4.26
3615852,glass,1,2322,4128,713,1361,1454,3019,12.82
3620925,glass,1,2268,4032,803,926,1411,2640,11.4
3621990,glass,1,2268,4032,463,469,1824,2633,32.21
3622133,glass,1,2592,4608,809,1433,1739,2866,11.16
3622185,glass,1,2592,4608,760,1483,1598,3269,12.53
3622232,glass,1,2592,4608,943,1876,1726,2722,5.55
3622476,glass,1,2268,4032,1030,1566,1244,2274,1.66
3623015,glass,1,2336,4160,1037,1941,1263,2173,0.54
3624479,glass,1,2252,4000,743,1775,1313,3119,8.5
3624562,glass,1,2620,4656,855,1743,2067,2965,12.14
3626036,glass,1,2252,4000,782,1891,1311,2822,5.47
3626099,glass,1,2322,4128,946,1916,1094,2298,0.59
3629957,glass,1,2250,4000,834,1481,1497,2297,6.01
3630121,glass,1,2250,4000,752,1476,1583,2292,7.53
3638862,glass,1,2268,4032,589,1436,1503,2623,11.86
3652612,glass,1,2268,4032,804,1687,1277,2076,2.01
3653388,glass,1,1440,2560,635,812,834,1196,2.07
3654429,glass,1,1440,2560,670,971,838,1292,1.46
3654934,glass,1,2268,4032,793,1630,1469,2532,6.67
3655163,glass,1,2268,4032,967,1247,1468,2791,8.46
3655193,glass,1,2268,4032,784,1316,1422,2920,11.19
3655717,glass,1,2268,4032,869,1207,1522,2862,11.82
3655816,glass,1,2268,4032,721,1282,1188,2788,7.69
3655845,glass,1,2268,4032,899,1278,1333,2778,7.12
3657800,glass,1,2268,4032,828,1433,1153,2218,2.79
3658371,glass,1,2268,4032,787,1255,1291,2606,7.45
3658663,glass,1,2268,4032,806,1323,1518,2870,12.04
3660983,glass,1,2268,4032,794,1281,1474,2574,9.61
3661035,glass,1,2268,4032,1011,1789,1266,2007,0.61
3668941,glass,1,2268,4032,958,1644,1228,2466,2.43
3668969,glass,1,2268,4032,973,1512,1266,2410,2.88
3669163,glass,1,2268,4032,1049,1559,1351,2325,2.53
3669515,glass,1,1602,2848,552,1144,1017,1606,4.71
3671111,glass,1,2252,4000,981,1459,1215,2353,2.32
3671668,glass,1,3184,5664,1446,1774,1928,3199,3.81
3674686,glass,1,2268,4032,948,1298,1206,2076,2.2
3677602,glass,1,4000,2250,1513,844,2472,1422,6.16
3679423,glass,1,2250,4000,989,1399,1259,2598,3.6
3679677,glass,1,2268,4032,1002,1651,1295,2281,2.02
3679803,glass,1,2268,4032,976,1795,1228,2274,1.32
3680724,glass,1,1836,3264,711,1520,994,1624,0.49
3681150,glass,1,2268,4032,1062,1707,1326,2133,1.23
3682259,glass,1,2268,4032,902,1044,1338,2700,7.9
3683408,glass,1,2268,4032,745,1890,1571,2254,3.29
3683429,glass,1,2268,4032,1030,1569,1247,2136,1.35
3684575,glass,1,2268,4032,724,1938,1492,2417,4.02
3685001,glass,1,2268,4032,687,1408,1474,2394,8.49
3686539,glass,1,2322,4128,543,1578,1782,2322,9.62
3687171,glass,1,2268,4032,900,1058,1536,2854,12.49
3692884,glass,1,2268,4032,646,1619,1720,2117,5.85
3693838,glass,1,2268,4032,807,1151,1511,2927,13.67
3697482,glass,1,2268,4032,962,1476,1314,2498,3.93
3704480,glass,1,2268,4032,932,1587,1350,2153,2.59
3707043,glass,1,2988,5312,775,950,2314,3947,29.06
3707473,glass,1,2988,5312,408,1071,2736,3889,41.33
3707903,glass,1,2250,4000,853,1300,1269,2631,6.15
3709651,glass,1,2250,4000,1022,1744,1359,2625,3.3
3712847,glass,1,2988,5312,865,2401,1985,2752,2.48
3721605,glass,1,2322,4128,1104,2036,1324,2426,0.9
3722998,glass,1,2322,4128,980,1967,1448,2393,2.08
3727174,glass,1,2250,4000,1053,1956,1328,2059,0.31
3728083,glass,1,2592,4608,922,1501,1418,2844,5.58
3735499,glass,1,2268,4032,907,1950,1490,2482,3.39
3735589,glass,1,2268,4032,882,1975,1537,2205,1.65
3742590,glass,1,2268,4032,958,1106,1436,2687,8.26
3749334,glass,1,2268,4032,921,1471,1336,2556,4.92
3753485,glass,1,2268,4032,715,1758,1276,2306,3.36
3760673,glass,1,2268,4032,828,1553,1393,2862,8.09
3760731,glass,1,2268,4032,677,1225,1859,3345,27.4
3761720,glass,1,2268,4032,920,1118,1351,2374,5.92
3762123,glass,1,2268,4032,986,1698,1333,2351,2.48
3762503,glass,1,2252,4000,934,1531,1237,2634,3.71
3772691,glass,1,2268,4032,954,1370,1332,2148,3.22
3772718,glass,1,2268,4032,1030,1377,1402,2262,3.6
3777180,glass,1,2322,4128,1103,2054,1332,2425,0.89
3777200,glass,1,2322,4128,1335,1970,1507,2291,0.58
3784937,glass,1,2268,4032,782,1655,1607,2273,5.58
3790576,glass,1,4032,2272,1814,1005,2791,1387,4.07
3791003,glass,1,2250,4000,909,1200,1338,2684,7.07
3792081,glass,1,4032,2268,1840,360,2844,1262,9.9
3793827,glass,1,2268,4032,964,1512,1204,2328,2.14
3801294,glass,1,2250,4000,484,1178,1550,2522,15.92
3802273,glass,1,2250,4000,1001,1368,1282,2415,3.27
3815897,glass,1,2604,4624,831,1051,1893,2290,10.93
3816073,glass,1,2268,4032,994,1657,1480,2321,3.53
3816134,glass,1,2268,4032,779,1903,1354,2379,2.99
3822338,glass,1,1836,3264,790,1479,1040,1721,1.01
3824843,glass,1,2268,4032,474,1764,1456,2238,5.09
3825190,glass,1,2268,4032,933,1345,1351,2518,5.36
3826113,glass,1,2252,4000,955,1274,1217,1881,1.77
3831409,glass,1,3184,5664,898,1960,2238,3328,10.16
3840363,glass,1,2268,4032,971,1282,1414,2407,5.45
3840523,glass,1,4032,2268,1241,923,3122,1484,11.54
3840646,glass,1,2340,4160,884,1606,1453,2613,5.89
3849635,glass,1,2268,4032,977,1418,1487,2860,8.04
3860169,glass,1,4032,2268,2129,693,2709,1399,4.48
3864829,glass,1,2268,4032,857,545,1575,2533,15.61
3879898,glass,1,2268,4032,854,1562,1314,1786,1.13
3891970,glass,1,2268,4032,647,1761,1596,2110,3.62
3894244,glass,1,2268,4032,863,684,1348,1994,6.95
3906155,glass,1,2268,4032,882,1520,1263,2687,4.86
3916648,glass,1,2250,4000,1002,1488,1247,2169,1.85
3935252,glass,1,2268,4032,961,1427,1304,2586,4.35
3937215,glass,1,4032,2268,1638,724,2051,1525,3.62
3939901,glass,1,4128,2322,1421,976,2719,1422,6.04
3940078,glass,1,4128,2322,1761,895,2528,1319,3.39
3940226,glass,1,4128,2322,1793,918,2392,1367,2.81
3949182,glass,1,2268,4032,1076,1891,1509,2848,4.53
3950539,glass,1,2268,4032,791,1430,1436,2980,10.93
3976014,glass,1,2268,4032,945,1260,1269,2252,3.51
3990113,glass,1,2268,4032,1002,1637,1373,2753,4.53
3990132,glass,1,2268,4032,1018,1726,1289,2505,2.31
3991859,glass,1,2268,4032,746,1294,1616,2448,10.98
3993858,glass,1,2336,4160,978,1843,1368,2243,1.61
4000468,glass,1,4032,2268,1332,611,2174,1896,11.83
4026903,glass,1,2620,4656,1146,1760,1521,2902,3.51
4030005,glass,1,2268,4032,1089,1612,1252,1976,0.65
4031899,glass,1,2268,4032,1021,1710,1446,2136,1.98
4043263,glass,1,2268,4032,1005,1477,1342,2498,3.76
4046343,glass,1,1836,3264,627,1364,1119,1930,4.65
4048995,glass,1,2268,4032,873,1112,1269,2608,6.48
4049772,glass,1,2268,4032,980,1805,1474,2340,2.89
4051625,glass,1,2268,4032,816,1232,1458,2860,11.43
4058338,glass,1,2592,4608,871,1883,1505,2466,3.09
4058853,glass,1,2272,4032,983,1622,1232,2372,2.04
4059377,glass,1,2592,4608,1040,1897,1678,2840,5.04
4063880,glass,1,2268,4032,1052,1578,1361,2419,2.84
4063943,glass,1,2268,4032,1077,1660,1310,2230,1.45
4065052,glass,1,2268,4032,1046,1452,1285,2394,2.46
4065054,glass,1,2268,4032,668,1887,1310,2123,1.66
4065064,glass,1,2268,4032,1068,1566,1298,2328,1.92
4065129,glass,1,2268,4032,986,1222,1386,2125,3.95
4065951,glass,1,2268,4032,901,1440,1408,2177,4.09
4065989,glass,1,2268,4032,973,1260,1383,2507,5.59
4067194,glass,1,2322,4128,729,1742,1496,2361,4.95
4067225,glass,1,4128,2322,1567,710,2287,1464,5.66
4068716,glass,1,2988,5312,1268,2278,1600,3026,1.56
4070583,glass,1,2268,4032,1087,1471,1329,1922,1.19
4074969,glass,1,2592,4608,1037,2383,1652,2758,1.93
4075080,glass,1,2592,4608,1260,1782,1606,2909,3.26
4076911,glass,1,2322,4128,700,1596,1654,2628,10.27
4078846,glass,1,1836,3264,678,1400,1063,1617,1.39
4079855,glass,1,1836,3264,762,1400,1028,1663,1.17
4079996,glass,1,2268,4032,973,1348,1219,2300,2.56
4080034,glass,1,2268,4032,983,1449,1235,2397,2.61
4080814,glass,1,2268,4032,983,1528,1279,2309,2.53
4082157,glass,1,2268,4032,1032,1676,1354,2070,1.39
4082166,glass,1,2268,4032,1055,1603,1421,2114,2.05
4082367,glass,1,2268,4032,1109,1969,1408,2945,3.19
4085299,glass,1,2268,4032,734,1777,1408,1997,1.62
4085314,glass,1,2268,4032,948,1616,1175,2139,1.3
4085325,glass,1,2268,4032,942,1553,1191,2076,1.42
4085633,glass,1,2340,4160,1021,1615,1346,2746,3.78
4085781,glass,1,2268,4032,882,1216,1326,2318,5.35
4085866,glass,1,2340,4160,998,1605,1300,2759,3.58
4086180,glass,1,2268,4032,879,1373,1468,2498,7.25
4087539,glass,1,2250,4000,1091,1684,1344,2503,2.3
4087545,glass,1,2250,4000,895,1868,1320,2334,2.2
4087708,glass,1,2250,4000,959,1828,1291,2270,1.63
4089439,glass,1,2268,4032,898,1512,1452,2353,5.09
4094526,glass,1,2268,4032,1017,1635,1373,2202,2.21
4094914,glass,1,2268,4032,866,1373,1471,2488,7.38
4094965,glass,1,2268,4032,1033,1877,1477,2325,2.18
4095075,glass,1,2268,4032,999,1751,1471,2353,3.11
4095082,glass,1,2268,4032,901,1562,1515,2463,6.05
4095194,glass,1,2268,4032,951,1547,1383,1988,2.08
4095629,glass,1,2268,4032,989,1534,1225,2287,1.94
4095668,glass,1,2268,4032,942,1436,1213,2388,2.82
4095774,glass,1,2268,4032,1002,1527,1247,2422,2.4
4096007,glass,1,1440,2560,530,966,836,1578,5.08
4096155,glass,1,4032,2268,1824,621,2073,1399,2.12
4096207,glass,1,4032,2268,1937,750,2196,1544,2.25
4096421,glass,1,2268,4032,636,1808,1591,2205,4.15
4097350,glass,1,2268,4032,801,1894,1298,2076,0.99
4098837,glass,1,2268,4032,873,1591,1373,2618,5.62
4100108,glass,1,3264,1836,1181,722,1862,1097,4.26
4100216,glass,1,2322,4128,919,1906,1187,2258,0.98
4100261,glass,1,2322,4128,1000,1758,1309,2183,1.37
4102104,glass,1,2988,5312,1278,1834,1656,3274,3.43
4105932,glass,1,2268,4032,1030,1663,1235,2230,1.27
4106029,glass,1,2268,4032,910,1978,1326,2385,1.85
4106497,glass,1,2268,4032,964,1843,1291,2391,1.96
4109112,glass,1,2592,4608,821,2297,1811,2617,2.65
4109184,glass,1,2592,4608,605,2074,1649,2563,4.27
4109209,glass,1,2592,4608,619,2092,2009,2509,4.85
4109349,glass,1,2592,4608,882,2113,1480,2783,3.35
4109753,glass,1,2268,4032,999,1830,1238,2271,1.15
4113469,glass,1,2592,4608,799,2318,1688,2603,2.12
4113471,glass,1,2592,4608,824,2326,1764,2624,2.35
4115589,glass,1,2268,4032,1058,1493,1399,2202,2.64
4115676,glass,1,4032,2268,1337,847,2836,1264,6.84
4115692,glass,1,2268,4032,850,1449,1213,2605,4.59
4117428,glass,1,2268,4032,844,1556,1276,2728,5.54
4117433,glass,1,2268,4032,895,1332,1301,2879,6.87
4117452,glass,1,2268,4032,819,1336,1326,3109,9.83
4117462,glass,1,2268,4032,1008,1893,1291,2722,2.57
4117473,glass,1,2268,4032,967,1717,1222,2533,2.28
4117659,glass,1,2268,4032,1043,1726,1307,2328,1.74
4119635,glass,1,2268,4032,1062,1840,1216,2255,0.7
4120086,glass,1,2268,4032,1027,1755,1345,2246,1.71
4120091,glass,1,2268,4032,1011,1717,1298,2211,1.55
4120094,glass,1,2268,4032,970,1581,1203,2085,1.28
4120162,glass,1,4640,2610,1994,649,2527,1758,4.88
4120185,glass,1,4128,2322,1654,648,2112,1651,4.79
4120203,glass,1,1836,3264,908,1428,1025,1770,0.67
4120983,glass,1,2988,5312,1311,2302,1818,2868,1.81
4121402,glass,1,1836,3264,864,1283,1040,1754,1.38
4121613,glass,1,1836,3264,826,1061,1010,1683,1.91
4123690,glass,1,2272,4032,1119,1509,1355,2196,1.77
4125224,glass,1,2268,4032,662,1676,1669,2120,4.89
4125231,glass,1,2268,4032,825,1732,1556,2281,4.39
4125239,glass,1,2268,4032,617,1796,1553,2227,4.41
4125249,glass,1,2268,4032,665,1777,1559,2167,3.81
4125254,glass,1,2268,4032,976,1225,1298,2429,4.24
4125262,glass,1,2268,4032,951,1386,1260,2315,3.14
4125307,glass,1,2268,4032,652,1758,1392,2022,2.14
4125326,glass,1,2268,4032,832,1824,1487,2035,1.51
4125604,glass,1,2268,4032,693,1632,1467,2568,7.92
4125609,glass,1,2268,4032,769,1425,1501,2686,10.09
4125665,glass,1,2268,4032,879,1115,1459,2833,10.9
4125673,glass,1,2268,4032,928,1298,1364,2987,8.05
4126931,glass,1,2322,4128,764,1500,1271,2761,6.67
4126938,glass,1,2322,4128,541,1888,1642,2317,4.93
4126942,glass,1,2322,4128,697,1800,1625,2486,6.64
4126952,glass,1,4128,2322,1425,845,2970,1264,6.75
4127074,glass,1,2268,4032,876,1458,1310,2596,5.4
4127117,glass,1,2268,4032,803,1317,1446,2385,7.51
4127177,glass,1,2268,4032,999,939,1310,2832,6.44
4129292,glass,1,2268,4032,536,1499,1673,2454,11.87
4129757,glass,1,2268,4032,770,1839,1452,2218,2.83
4130059,glass,1,2268,4032,639,1937,1629,2353,4.5
4130087,glass,1,2268,4032,844,1944,1440,2230,1.86
4130457,glass,1,3184,5664,1110,2376,2065,4111,9.19
4130926,glass,1,1602,2848,592,750,1092,1288,5.9
4131595,glass,1,2268,4032,934,1275,1420,2790,8.05
4133977,glass,1,2322,4128,735,1745,1384,2054,2.09
4143010,glass,1,1440,2560,644,1046,794,1598,2.25
4143629,glass,1,2268,4032,1033,1298,1348,2038,2.55
4145952,glass,1,2268,4032,885,1342,1405,2290,5.39
4146031,glass,1,2268,4032,1071,1418,1358,2151,2.3
4146034,glass,1,2268,4032,1062,1717,1332,2063,1.02
4149187,glass,1,2268,4032,1039,1830,1421,2671,3.51
4149951,glass,1,2620,4656,1106,1921,1423,2448,1.37
4151496,glass,1,2268,4032,1068,1566,1241,1821,0.48
4151513,glass,1,2268,4032,1058,1553,1279,2054,1.21
4151524,glass,1,2268,4032,1099,1489,1247,1928,0.71
4152872,glass,1,3264,1836,1410,708,1989,1135,4.13
4154053,glass,1,2268,4032,913,1386,1285,2485,4.47
4159307,glass,1,1602,2848,975,1057,1304,1404,2.5
4160256,glass,1,2268,4032,932,1802,1336,2136,1.48
4160825,glass,1,2268,4032,961,1307,1197,1984,1.75
4160830,glass,1,4032,2268,1619,901,2277,1131,1.65
4163350,glass,1,4032,2268,1559,958,2151,1191,1.51
4163389,glass,1,2268,4032,951,1777,1156,2262,1.09
4163391,glass,1,2268,4032,759,1886,1430,2148,1.92
4163419,glass,1,2268,4032,756,1619,1266,1836,1.21
4163484,glass,1,4032,2268,1906,1074,2501,1292,1.42
4171478,glass,1,2268,4032,1046,1578,1257,2212,1.46
4172025,glass,1,1602,2848,605,565,1202,1667,14.42
4173398,glass,1,2268,4032,901,1808,1323,2227,1.93
4175309,glass,1,2250,4000,1075,1262,1310,2277,2.65
4177198,glass,1,2268,4032,841,1758,1222,2794,4.32
4179202,glass,1,1440,2560,554,988,810,1666,4.71
4179224,glass,1,1440,2560,592,882,864,1742,6.35
4179360,glass,1,2268,4032,1043,1792,1244,2444,1.43
4179448,glass,1,2620,4656,1114,1870,1496,2794,2.89
4179466,glass,1,1440,2560,630,932,864,1492,3.55
4179510,glass,1,2268,4032,946,1671,1169,2409,1.8
4181745,glass,1,2268,4032,958,1418,1263,2375,3.19
4181993,glass,1,2268,4032,904,1430,1279,2678,5.12
4182000,glass,1,2268,4032,1068,1745,1345,2602,2.6
4182011,glass,1,2268,4032,743,1821,1726,2504,7.34
4182016,glass,1,2268,4032,1017,1153,1449,2810,7.83
4182030,glass,1,2268,4032,438,1739,1736,2649,12.92
4184033,glass,1,2268,4032,948,1676,1553,3166,9.86
4186010,glass,1,2250,4000,966,1544,1294,2559,3.7
4188380,glass,1,1440,2560,484,444,898,1860,15.9
4188416,glass,1,2268,4032,1005,1635,1254,2429,2.16
4188429,glass,1,4128,2322,1516,975,2518,1302,3.42
4189561,glass,1,2268,4032,718,1162,1682,3213,21.62
4190887,glass,1,2268,4032,976,1572,1279,2410,2.78
4191336,glass,1,2268,4032,1014,1808,1178,2189,0.68
4191746,glass,1,2272,4032,788,1348,1361,2246,5.62
4191862,glass,1,2272,4032,810,1364,1358,2451,6.5
4193962,glass,1,2250,4000,903,1707,1286,2106,1.7
4195347,glass,1,2988,5312,1246,2019,1603,3114,2.46
4197892,glass,1,4032,2268,2025,756,2281,1326,1.6
4198128,glass,1,2268,4032,1043,1660,1317,2391,2.19
4198579,glass,1,2268,4032,1228,1628,971,2473,2.37
4198864,glass,1,2268,4032,1096,1786,1408,2615,2.83
4199202,glass,1,2268,4032,863,1698,1616,2624,7.63
4200566,glass,1,2268,4032,1027,1778,1233,2432,1.47
4203762,glass,1,2268,4032,904,1543,1474,2410,5.4
4203764,glass,1,2268,4032,932,1723,1430,2318,3.24
4203834,glass,1,2268,4032,1044,1563,1315,2454,2.64
4207692,glass,1,2250,4000,943,1723,1241,2356,2.1
4210262,glass,1,2268,4032,939,1282,1323,2536,5.27
4210264,glass,1,2268,4032,936,992,1314,2249,5.2
4210487,glass,1,2268,4032,832,1584,1329,2029,2.42
4210510,glass,1,2268,4032,847,1887,1657,2359,4.18
4211188,glass,1,2268,4032,1008,1518,1351,2501,3.69
4211382,glass,1,2268,4032,732,1695,1567,2521,7.54
4211448,glass,1,2268,4032,608,1622,1493,2315,6.71
4211580,glass,1,2268,4032,1062,1471,1304,2640,3.09
4211693,glass,1,4032,2268,1925,1055,2539,1288,1.56
4211787,glass,1,2268,4032,854,1332,1377,2350,5.82
4212608,glass,1,2268,4032,995,1566,1345,2199,2.42
4214506,glass,1,4032,2268,1383,866,3033,1408,9.78
4214824,glass,1,1602,2848,652,1166,854,1480,1.39
4221519,glass,1,2322,4128,1274,1761,1493,2380,1.41
4227539,glass,1,1836,3264,701,1369,1033,1678,1.71
4229029,glass,1,2268,4032,980,1433,1320,2051,2.3
4229895,glass,1,2268,4032,723,1884,1547,2458,5.17
4245993,glass,1,2268,4032,1106,1606,1314,1903,0.68
4251200,glass,1,2268,4032,1431,1731,1039,2478,3.2
4262079,glass,1,2268,4032,549,1986,1605,2337,4.05
4267086,glass,1,1836,3264,714,1331,1040,1650,1.74
4267487,glass,1,2322,4128,951,1435,1387,2819,6.3
4268989,glass,1,2268,4032,983,1569,1301,2388,2.85
4269148,glass,1,2268,4032,762,1581,1484,2479,7.09
4272839,glass,1,1440,2560,436,892,980,1624,10.8
4275649,glass,1,2250,4000,977,2402,1274,1689,2.35
4275957,glass,1,2250,4000,988,1619,1291,2466,2.85
4276038,glass,1,2250,4000,907,1560,1179,2316,2.28
4280654,glass,1,2250,4000,962,1747,1437,2238,2.59
4520817,glass,1,2268,4032,1014,1946,1277,2149,0.58
4520949,glass,1,2268,4032,942,1518,1332,2649,4.82
4521683,glass,1,2268,4032,920,1307,1418,2501,6.5
4521964,glass,1,2268,4032,1068,1786,1269,1962,0.39
4522915,glass,1,2268,4032,920,1603,1361,2120,2.49
4524341,glass,1,2268,4032,879,1866,1181,2122,0.85
4524874,glass,1,2268,4032,1061,1634,1236,2103,0.9
4526783,glass,1,2268,4032,926,1868,1143,2057,0.45
4527838,glass,1,2268,4032,718,1052,1466,2229,9.63
4530514,glass,1,2268,4032,1016,1531,1268,2244,1.96
4534554,glass,1,2268,4032,1058,1632,1279,2381,1.81
4535818,glass,1,2268,4032,1002,1890,1273,2378,1.45
4536414,glass,1,2268,4032,1021,1099,1485,2421,6.71
4549038,glass,1,2268,4032,1038,1721,1246,2005,0.65
4549144,glass,1,1440,2560,602,864,868,1512,4.68
4550589,glass,1,2988,5312,1577,1992,1905,3100,2.29
4550621,glass,1,2988,5312,1399,1959,1905,2590,2.01
4552687,glass,1,1602,2848,589,1083,1104,1764,7.69
4554487,glass,1,2620,4656,757,1146,1892,3070,17.9
4554641,glass,1,4656,2620,1390,673,2784,1978,14.91
4559236,glass,1,2268,4032,945,1181,1443,2460,6.97
4571637,glass,1,1440,2560,544,1033,909,1474,4.37
4578858,glass,1,1836,3264,627,1270,1086,1726,3.49
4581367,glass,1,4032,2272,1588,989,2151,1390,2.46
4587586,glass,1,2988,5312,1280,2106,1690,3468,3.52
4605001,glass,1,4000,2252,1644,1046,2262,1443,2.72
4605123,glass,1,2252,4000,749,1546,1184,2123,2.79
4646005,glass,1,5504,3096,1849,688,3758,2842,24.13
4657670,glass,1,2268,4032,1065,1877,1191,2161,0.39
4662110,glass,1,2268,4032,775,854,1553,2681,15.54
4662364,glass,1,2268,4032,646,1191,1578,3159,20.06
4662722,glass,1,2322,4128,851,1477,1325,2707,6.08
4663171,glass,1,2268,4032,759,1251,1613,2991,16.25
4667475,glass,1,1836,3264,607,1275,1150,1828,5.01
4688018,glass,1,2268,4032,775,1477,1499,2362,7.01
4688816,glass,1,5664,3184,1747,1229,3861,2021,9.28
4701521,glass,1,4032,2268,1576,1017,2321,1275,2.1
4702483,glass,1,4608,2592,2084,842,2444,1487,1.94
4702833,glass,1,2252,4000,1021,1441,1277,2603,3.3
4708376,glass,1,2268,4032,926,1433,1399,2224,4.09
4730828,glass,1,2268,4032,852,1207,1349,2914,9.28
4740555,glass,1,2268,4032,926,1222,1381,2623,6.97
4740868,glass,1,2268,4032,933,1243,1400,2732,7.6
4741983,glass,1,2268,4032,1106,1701,1361,2164,1.29
4748859,glass,1,2268,4032,866,1348,1461,2967,10.53
4751251,glass,1,2988,5312,1242,1939,1733,3382,4.46
4752870,glass,1,2268,4032,1069,1721,1310,2276,1.46
4752972,glass,1,2268,4032,1024,1683,1238,2118,1.02
4752987,glass,1,2268,4032,989,1737,1295,2267,1.77
4755886,glass,1,2268,4032,966,1708,1400,2342,3.01
4755925,glass,1,2268,4032,995,1585,1376,2221,2.65
4761695,glass,1,2268,4032,926,1391,1280,2533,4.42
4763828,glass,1,2268,4032,759,1402,1455,2306,6.88
4798730,glass,1,2268,4032,842,1408,1183,1747,1.26
4798783,glass,1,2268,4032,963,1468,1312,2235,2.93
4800487,glass,1,2268,4032,942,1777,1317,2155,1.55
4819239,glass,1,5664,3184,1770,1283,3981,1924,7.86
4832679,glass,1,1440,2560,498,834,914,1770,10.56
4843408,glass,1,1836,3264,681,1403,1127,2003,4.47
4853904,glass,1,2268,4032,1039,1766,1345,2289,1.75
4856728,glass,1,2268,4032,983,1162,1408,2693,7.12
4856987,glass,1,2268,4032,684,1600,1723,2120,5.91
4857066,glass,1,2268,4032,834,1305,1225,2650,5.75
4860698,glass,1,1836,3264,735,1264,953,2071,2.94
4868070,glass,1,2268,4032,990,1910,1280,2074,0.52
4868738,glass,1,2268,4032,978,1916,1239,2499,1.66
4872450,glass,1,4032,2268,1897,554,2259,1565,4.0
4873709,glass,1,2268,4032,633,1377,1537,2092,7.07
4873745,glass,1,2268,4032,589,1401,1522,2141,7.55
4881604,glass,1,2268,4032,876,1380,1282,2776,6.2
4883288,glass,1,2250,4000,916,1334,1337,2672,6.26
4886726,glass,1,1836,3264,694,1443,928,1670,0.89
4891670,glass,1,2268,4032,1058,1544,1314,2290,2.09
4892131,glass,1,2268,4032,899,1457,1490,2631,7.59
4900231,glass,1,2268,4032,857,1784,1229,2119,1.36
4903755,glass,1,1602,2848,521,1216,1146,1507,3.99
4903899,glass,1,1602,2848,400,1248,1297,1511,5.17
4907673,glass,1,2268,4032,1043,1462,1312,2267,2.37
4907918,glass,1,2268,4032,1102,1622,1267,1934,0.56
4908082,glass,1,2268,4032,932,1480,1335,1988,2.24
4908198,glass,1,2268,4032,1065,1874,1263,2106,0.5
4914510,glass,1,1440,2560,466,900,1016,1496,8.89
4914966,glass,1,2268,4032,907,1893,1378,2524,3.25
4927159,glass,1,4000,2250,1772,937,2038,1393,1.35
4928908,glass,1,2250,4000,1087,1800,1500,2097,1.36
4942367,glass,1,2268,4032,570,1515,1499,2555,10.57
4942628,glass,1,2268,4032,797,1516,1171,2323,3.3
4944806,glass,1,2268,4032,960,2238,1410,1540,3.43
4947491,glass,1,2322,4128,848,1651,1406,2328,3.94
4949071,glass,1,4128,2322,1625,771,2467,1532,6.68
4959613,glass,1,2250,4000,1006,1364,1272,2519,3.41
4965241,glass,1,2250,4000,928,1741,1400,2219,2.51
4978455,glass,1,2988,5312,1190,2104,1728,2948,2.86
4981313,glass,1,2268,4032,777,1864,1418,2276,2.89
4981349,glass,1,2268,4032,343,1777,1712,2189,6.17
4982611,glass,1,2592,4608,1055,2200,1699,2851,3.51
4983529,glass,1,5664,3184,2112,1315,4164,1902,6.68
4984220,glass,1,2592,4608,418,1904,2174,3013,16.3
4984735,glass,1,2268,4032,882,1265,1364,2810,8.14
4984787,glass,1,2268,4032,835,2244,1547,2624,2.96
4988838,glass,1,2268,4032,1135,1331,1373,2010,1.77
4990127,glass,1,2252,4000,672,1478,1512,2419,8.77
4998459,glass,1,3184,5664,1332,1769,2097,3890,9.0
5012591,glass,1,2268,4032,847,1213,1531,2249,7.75
5012723,glass,1,2268,4032,847,1534,1430,2384,5.42
5024339,glass,1,2268,4032,838,1625,1509,2637,7.43
5025161,glass,1,2250,4000,1006,1250,1228,1722,1.16
5055037,glass,1,2988,5312,1237,2166,1664,3212,2.81
5059534,glass,1,2620,4656,659,1524,1838,3212,16.31
5059563,glass,1,2620,4656,822,1764,1766,3208,11.17
5059591,glass,1,2620,4656,1087,1759,1865,3222,9.33
5059777,glass,1,2988,5312,1021,2141,1702,3179,4.45
5060847,glass,1,3184,5664,1247,1593,2092,3598,9.39
5060864,glass,1,2988,5312,1233,1772,1726,3088,4.09
5063381,glass,1,2250,4000,1028,1728,1256,2378,1.65
5063714,glass,1,2988,5312,1262,1668,1764,3341,5.29
5064239,glass,1,2988,5312,1328,1764,1710,2942,2.84
5064283,glass,1,2988,5312,1282,1843,1643,2971,2.57
5065596,glass,1,2620,4656,1001,1982,1590,3521,7.43
5066159,glass,1,2988,5312,1270,1760,1801,3453,5.66
5070340,glass,1,2592,4608,970,1609,1536,3075,6.95
5070389,glass,1,2592,4608,940,1613,1624,3085,8.43
5070417,glass,1,2592,4608,961,1638,1444,2977,5.41
5071752,glass,1,2250,4000,916,1359,1326,2743,6.3
5073586,glass,1,1440,2560,546,840,940,1434,6.35
5075793,glass,1,1836,3264,854,1548,1026,1866,0.91
5076263,glass,1,2268,4032,1068,1490,1503,2618,5.37
5076306,glass,1,2268,4032,876,1253,1407,2876,9.42
5081847,glass,1,2268,4032,1065,1383,1371,2326,3.16
5084300,glass,1,2268,4032,753,1742,1505,2280,4.42
5085234,glass,1,2268,4032,1090,1811,1314,2016,0.5
5089780,glass,1,2268,4032,1261,1648,1496,2393,1.91
5099238,glass,1,2268,4032,880,1571,1354,2076,2.62
5106160,glass,1,2268,4032,568,1769,1703,2667,11.15
5106663,glass,1,5664,3184,1936,1305,3944,1885,6.46
5107107,glass,1,2268,4032,1133,1480,1465,2318,3.04
5110161,glass,1,2268,4032,958,923,1408,2728,8.88
5110242,glass,1,2268,4032,958,1304,1428,2413,5.7
5116245,glass,1,2268,4032,855,1140,1424,2864,10.73
5116316,glass,1,2268,4032,854,1338,1247,2577,5.32
5116819,glass,1,2268,4032,920,1786,1600,2602,6.07
5141301,glass,1,3184,5664,1353,2241,2008,3881,5.96
5143985,glass,1,4032,2268,1660,819,2196,1452,3.71
5144286,glass,1,2268,4032,882,1512,1405,2747,7.06
5146691,glass,1,2268,4032,1036,1392,1427,2271,3.76
5159003,glass,1,2592,4608,1206,1519,1627,3096,5.56
custom_00191,glass,1,2268,4032,770,1799,1399,2297,3.43
custom_00192,glass,1,2268,4032,1061,1962,1418,2473,1.99
custom_00193,glass,1,2268,4032,939,1617,1230,2489,2.77
custom_00285,glass,1,2268,4032,630,2882,1380,3243,2.96
custom_00287,glass,1,2268,4032,621,2878,1372,3240,2.97
custom_00307,glass,1,2268,4032,497,1310,1284,2371,9.13
