AllPixelMeanR,AllPixelMeanG,AllPixelMeanB
117,111,102
117,111,102
184,180,175
120,115,106
120,115,106
184,181,176
183,178,172
118,110,100
113,106,95
113,106,95
175,170,164
177,174,168
175,172,166
118,111,99
166,163,162
166,163,162
175,170,168
175,170,168
175,170,168
167,160,158
167,160,158
169,164,163
169,164,163
125,119,115
125,119,115
172,168,163
180,176,172
157,155,150
149,132,114
173,169,164
170,166,161
116,109,99
172,169,163
172,169,163
114,107,96
138,136,135
122,117,109
122,117,109
144,143,141
120,111,101
145,142,139
145,142,139
145,144,142
145,144,142
134,130,121
127,126,124
143,119,96
143,119,96
143,119,96
141,138,136
145,143,141
151,144,140
146,144,142
141,127,114
141,127,114
141,127,114
141,127,114
171,165,162
171,165,162
149,146,144
168,166,159
168,166,159
169,165,152
169,165,152
163,160,155
163,160,155
150,146,144
173,170,164
173,170,164
161,154,147
171,168,162
171,168,162
152,149,146
152,149,146
166,160,153
166,160,153
164,160,153
164,160,153
166,163,157
166,163,157
164,161,156
164,161,156
160,153,145
109,106,101
109,106,101
132,128,127
159,160,156
159,160,156
130,128,117
138,125,108
126,127,125
147,143,141
147,143,141
147,143,141
125,120,121
168,165,161
146,144,143
146,144,143
146,144,143
137,135,133
137,135,133
137,135,133
143,140,139
143,140,139
143,140,139
174,170,164
174,170,164
141,123,103
136,130,125
136,130,125
136,130,125
127,127,122
127,127,122
116,115,120
130,130,126
150,148,146
145,124,105
145,124,105
128,128,124
127,126,121
127,126,121
118,118,113
118,118,113
179,173,172
179,173,172
179,173,172
179,173,172
159,153,142
159,153,142
159,153,142
116,117,112
116,117,112
115,112,106
139,126,109
139,126,109
142,141,136
221,212,211
221,212,211
120,113,106
120,113,106
110,110,104
110,110,104
110,110,104
110,110,104
110,110,104
164,155,147
164,155,147
164,155,147
164,155,147
152,144,137
152,144,137
152,144,137
152,144,137
152,143,138
152,143,138
168,158,152
168,158,152
168,158,152
168,158,152
138,119,116
138,119,116
159,138,135
137,114,90
139,117,96
139,117,96
157,150,144
157,150,144
157,150,144
172,164,156
172,164,156
172,164,156
167,160,153
167,160,153
167,160,153
133,130,128
133,130,128
142,139,138
142,139,138
163,154,147
163,154,147
163,156,150
163,156,150
163,156,150
163,156,150
150,138,128
167,163,158
167,163,158
167,163,158
104,83,72
164,156,150
164,156,150
164,156,150
162,159,154
162,159,154
162,159,154
133,118,107
130,117,102
130,117,102
162,160,153
162,160,153
162,160,153
142,134,130
167,167,162
167,167,162
167,167,162
124,118,108
143,122,101
143,122,101
143,122,101
172,169,162
119,112,102
160,134,104
156,150,147
156,150,147
113,95,76
113,95,76
123,120,115
109,85,64
109,85,64
109,85,64
122,117,107
133,125,118
133,125,118
133,125,118
133,125,118
142,128,115
142,128,115
142,128,115
142,128,115
158,154,150
158,154,150
152,147,144
152,147,144
138,129,120
138,129,120
138,129,120
140,131,122
140,131,122
140,131,122
140,131,122
118,104,94
118,104,94
118,104,94
124,117,106
131,123,112
164,159,153
134,126,114
134,126,114
157,153,149
157,150,145
113,108,99
113,108,99
124,118,108
124,118,108
134,130,125
164,160,156
127,123,114
127,123,114
162,158,155
162,158,155
132,121,108
117,112,102
117,112,102
118,113,103
118,113,103
127,127,126
127,127,126
127,127,126
84,83,83
84,83,83
124,123,123
124,123,123
124,123,123
171,165,163
171,165,163
143,142,140
143,142,140
143,142,140
119,113,104
119,113,104
121,116,106
121,116,106
166,163,161
166,163,161
124,123,121
124,123,121
187,184,181
150,142,136
150,142,136
150,142,136
189,186,182
189,186,183
189,186,183
186,185,181
186,185,181
155,140,128
119,119,119
150,147,144
150,147,144
150,147,144
139,111,75
139,111,75
139,111,75
186,181,180
186,181,180
189,186,183
189,186,183
128,115,106
128,115,106
128,115,106
128,115,106
169,165,162
169,165,162
169,165,162
169,165,162
142,140,137
164,159,157
164,159,157
164,159,157
164,159,157
161,156,155
161,156,155
161,156,155
190,188,184
190,188,184
184,176,176
184,176,176
157,156,153
157,156,153
189,179,181
189,179,181
177,182,182
177,182,182
142,130,115
142,130,115
142,130,115
206,205,202
206,205,202
170,176,176
170,176,176
169,176,177
169,176,177
185,183,174
185,183,174
174,172,166
174,172,166
175,171,165
175,171,165
189,183,183
189,183,183
182,176,178
182,176,178
155,147,143
155,147,143
155,147,143
130,127,124
133,130,127
133,130,127
135,132,127
135,132,127
155,133,109
155,133,109
175,172,171
175,172,171
156,155,154
140,137,133
140,137,135
140,137,135
140,137,135
140,137,135
140,137,135
141,139,137
141,139,137
141,139,137
141,139,137
141,139,137
141,139,137
157,157,150
155,152,148
148,145,141
151,150,148
146,144,141
205,205,203
205,205,203
152,150,148
155,153,151
99,101,115
152,151,147
152,151,147
180,178,177
180,178,177
128,118,106
193,189,186
193,189,186
137,134,132
137,134,132
180,178,177
180,178,177
180,177,177
180,177,177
181,179,179
181,179,179
167,166,164
167,166,164
179,178,177
179,178,177
169,169,167
169,169,167
189,186,178
189,186,178
143,140,136
188,184,178
188,184,178
150,146,143
191,187,181
191,187,181
191,187,181
191,187,181
187,183,177
187,183,177
141,139,138
165,156,149
163,133,87
163,133,87
163,133,87
163,133,87
163,133,87
153,150,148
137,135,133
137,135,133
137,135,133
137,135,133
137,135,133
144,129,106
152,143,137
152,143,137
139,126,114
139,126,114
139,126,114
154,146,140
154,146,140
154,146,140
154,146,140
136,135,131
136,135,131
136,135,131
187,186,181
187,186,181
93,94,102
94,95,105
98,96,107
187,185,179
187,185,179
131,119,107
131,119,107
131,119,107
150,142,130
150,142,130
178,176,169
178,176,169
162,149,130
162,149,130
151,149,146
180,178,173
180,178,173
179,176,171
179,176,171
146,146,144
146,146,144
156,141,128
156,144,131
156,144,131
189,182,176
189,182,176
185,163,143
149,149,146
149,149,146
142,140,137
153,141,132
153,141,132
194,186,182
194,186,182
161,149,140
161,149,140
157,145,130
190,183,178
190,183,178
178,161,142
178,161,142
178,161,142
152,140,129
152,140,129
152,140,129
152,141,127
187,184,179
187,184,179
149,132,119
149,132,119
152,148,145
145,132,119
145,132,119
145,132,119
155,143,128
155,143,128
186,183,178
186,183,178
188,186,181
188,186,181
161,155,145
161,155,145
161,155,145
161,155,145
157,155,153
157,155,153
157,155,153
180,189,180
180,189,180
188,184,181
188,184,181
193,178,160
193,178,160
137,130,123
169,155,141
156,153,149
183,182,179
183,182,179
185,183,180
185,183,180
181,179,177
181,179,177
186,182,178
186,182,178
171,171,171
164,155,147
164,155,147
164,155,147
164,155,147
160,152,142
160,152,142
194,181,166
153,141,131
153,141,131
137,135,132
159,152,139
159,152,139
159,152,139
159,152,139
159,152,139
154,143,135
154,143,135
154,143,135
143,131,116
158,146,137
158,146,137
157,151,141
157,151,141
170,169,164
170,169,164
157,145,135
157,145,135
140,136,135
137,136,133
161,159,156
154,149,139
154,149,139
154,149,139
139,128,116
139,128,116
142,135,122
124,114,103
124,114,103
154,155,152
174,174,171
189,173,155
148,148,148
142,140,137
142,140,137
170,169,162
170,169,162
161,152,145
184,183,184
184,183,184
135,133,129
130,128,126
134,132,131
168,163,159
168,163,159
160,159,156
160,159,156
157,155,153
183,180,178
183,180,178
179,180,178
179,180,178
131,125,120
128,119,109
165,165,161
133,130,129
133,130,129
131,121,111
140,137,135
140,137,135
144,142,141
144,142,141
156,123,99
147,138,128
191,189,173
191,189,173
167,158,151
167,158,151
167,158,151
191,170,150
132,130,128
132,130,128
167,162,156
167,162,156
195,176,155
195,176,155
186,166,146
186,166,146
197,176,155
197,176,155
145,144,142
145,144,142
145,144,142
196,176,155
196,176,155
194,174,152
194,174,152
196,176,154
196,176,154
186,188,172
186,188,172
143,128,115
169,168,164
201,181,158
201,181,158
124,108,99
147,138,125
196,176,154
196,176,154
194,175,153
194,175,153
194,173,151
194,173,151
173,170,165
158,146,130
158,146,130
201,181,159
201,181,159
194,194,185
194,194,185
173,166,161
199,179,158
199,179,158
193,173,152
193,173,152
208,196,166
208,196,166
208,196,166
199,201,188
199,201,188
192,191,177
192,191,177
175,166,157
182,162,141
182,162,141
194,191,178
194,191,178
176,184,172
176,184,172
179,186,175
179,186,175
199,179,158
199,179,158
198,178,156
198,178,156
201,183,163
201,183,163
138,126,114
193,186,175
193,186,175
143,135,129
193,186,175
193,186,175
140,133,127
184,183,167
184,183,167
162,153,148
159,156,149
159,156,149
159,156,149
157,149,144
157,149,144
154,149,148
154,149,148
159,153,140
159,153,140
159,153,140
159,153,140
153,152,153
141,138,133
148,142,123
187,197,181
187,197,181
192,189,177
192,189,177
187,179,163
187,179,163
145,133,119
110,108,103
110,108,103
189,187,180
189,187,180
113,109,102
113,109,102
183,187,176
183,187,176
190,189,173
190,189,173
182,178,164
182,178,164
142,139,130
142,139,130
158,151,142
158,151,142
139,138,133
139,138,133
139,138,133
150,142,132
150,142,132
141,137,128
141,137,128
141,137,128
188,189,185
188,189,185
144,140,135
144,140,135
144,140,135
187,187,183
187,187,183
173,171,167
173,171,167
180,178,175
180,178,175
157,151,143
157,151,143
190,185,184
190,185,184
169,171,172
169,171,172
144,142,136
144,142,136
144,142,136
176,177,177
176,177,177
167,161,154
167,161,154
134,131,129
179,180,176
179,180,176
120,120,116
120,120,116
120,120,116
193,190,185
193,190,185
177,176,170
177,176,170
176,172,168
176,172,168
141,119,100
177,173,171
177,173,171
127,126,120
127,126,120
174,176,169
174,176,169
178,176,160
178,176,160
191,190,184
189,186,181
189,186,181
110,110,108
110,110,108
110,110,108
185,184,186
185,184,186
184,184,186
184,184,186
188,186,180
188,186,180
196,196,195
196,196,195
145,145,145
145,145,145
183,181,178
183,181,178
183,181,178
178,175,172
178,175,172
178,175,172
178,175,172
138,136,128
138,136,128
154,149,147
163,158,157
160,160,158
130,127,119
130,127,119
130,127,119
162,153,144
180,174,168
174,171,169
174,171,169
140,142,142
140,139,140
140,139,140
140,139,140
171,168,170
171,168,170
168,163,163
184,182,180
184,182,180
157,156,154
183,180,178
183,180,178
178,174,172
178,174,172
184,176,168
197,184,183
197,184,183
191,178,177
191,178,177
185,169,167
185,169,167
197,192,191
197,192,191
88,79,74
145,143,143
186,190,187
186,190,187
168,165,161
165,162,157
165,162,157
165,162,157
167,165,160
172,169,165
170,167,162
172,182,177
172,182,177
136,126,122
136,126,122
162,168,168
162,168,168
164,171,171
164,171,171
173,174,174
173,174,174
177,178,178
177,178,178
144,135,128
144,135,128
176,177,177
176,177,177
137,133,126
137,133,126
189,181,181
189,181,181
184,179,173
192,184,183
192,184,183
161,150,136
189,182,181
189,182,181
187,185,176
187,185,176
118,107,99
188,185,184
188,185,184
183,180,179
183,180,179
161,150,138
181,183,176
181,183,176
184,185,179
184,185,179
187,181,176
187,181,176
166,163,157
166,163,157
166,163,157
166,163,157
158,157,156
158,157,156
182,164,142
187,171,150
186,175,165
186,175,165
186,175,165
186,175,165
140,129,113
140,129,112
140,129,112
171,162,157
171,158,146
171,158,146
171,158,146
171,157,146
189,177,165
189,177,165
189,177,165
137,126,116
137,123,101
136,123,101
210,196,192
210,196,192
210,196,192
210,196,192
188,184,182
188,184,182
176,172,168
181,177,172
181,177,172
165,153,140
165,153,140
117,103,97
169,158,146
169,158,146
169,158,146
191,188,184
191,188,184
191,188,184
176,165,153
176,165,153
176,165,153
176,165,153
175,165,155
175,165,155
175,165,155
175,165,155
172,172,169
172,172,169
172,172,169
172,172,169
107,101,97
107,101,97
107,101,97
107,101,97
107,101,97
116,112,108
116,112,108
116,112,108
114,109,105
114,109,105
114,109,105
124,119,105
124,119,105
127,124,120
127,124,120
121,119,115
161,161,158
161,161,158
153,152,148
153,152,148
119,115,111
119,115,111
119,115,111
119,115,111
175,174,172
175,174,172
175,174,172
144,134,123
144,134,123
162,163,160
162,163,160
162,163,160
115,110,96
115,110,96
148,147,145
148,147,145
148,147,145
124,122,118
124,122,118
121,119,114
121,119,114
158,158,154
158,158,154
158,158,154
113,111,106
113,111,106
113,111,106
145,136,126
145,136,126
148,137,128
152,152,153
152,152,153
155,127,107
132,106,91
132,106,91
142,114,95
142,114,95
159,145,130
133,123,113
140,125,117
140,125,117
140,125,117
143,129,120
143,129,120
143,129,120
143,130,119
143,130,119
143,130,119
145,134,123
145,134,123
143,132,120
143,132,120
143,132,120
131,117,107
131,117,107
131,117,107
134,120,114
134,120,114
134,120,114
117,100,93
117,100,93
117,100,93
153,140,127
153,140,127
137,124,115
137,124,115
137,124,115
128,122,116
110,106,103
159,135,108
162,144,129
156,144,130
150,127,110
160,142,124
163,134,104
163,134,104
163,134,104
170,143,111
153,148,148
153,148,148
80,72,65
80,72,65
80,72,65
156,137,136
141,128,114
141,128,114
141,128,114
188,182,178
188,182,178
161,159,157
161,159,157
161,159,157
161,159,157
155,154,152
155,154,152
157,155,152
157,155,152
159,157,154
159,157,154
147,145,141
147,145,141
147,145,141
166,156,151
166,156,151
166,156,151
166,162,160
166,162,160
170,170,167
171,165,157
171,165,157
171,165,157
162,156,148
162,156,148
176,172,168
176,172,168
156,152,145
156,152,145
154,152,151
154,152,151
169,167,164
169,167,164
174,173,169
168,167,163
139,124,107
139,124,107
160,151,147
127,116,103
127,116,103
123,113,101
123,113,101
108,79,65
166,154,144
166,154,144
166,154,144
172,155,141
172,155,141
167,153,139
173,159,147
173,159,147
170,157,144
170,157,144
167,152,139
158,143,133
184,179,171
175,162,146
175,162,146
136,135,133
148,137,125
148,137,125
154,140,126
154,140,126
167,152,142
166,150,140
166,150,140
166,154,141
166,154,141
147,145,143
151,149,148
145,144,142
145,144,142
122,119,115
156,144,133
156,144,133
138,128,116
138,128,116
168,157,144
168,157,144
181,177,173
181,177,173
181,177,173
182,177,171
184,179,172
168,157,144
168,157,144
136,125,114
136,125,114
128,118,107
128,118,107
166,153,138
166,153,138
143,133,121
143,133,121
148,135,125
148,135,125
156,133,107
156,133,107
141,143,138
141,143,138
141,143,138
141,143,138
139,140,134
139,140,134
139,140,134
139,140,134
165,139,113
165,139,113
165,139,113
171,150,126
171,150,126
172,163,154
172,163,154
130,128,127
103,102,100
103,102,100
180,178,168
180,178,168
180,178,168
180,178,168
153,151,149
153,151,149
154,138,119
154,138,119
201,197,190
201,197,190
201,197,190
161,143,120
167,163,156
148,144,139
148,144,139
147,144,140
147,144,140
151,148,143
151,148,143
173,155,128
167,148,123
167,148,123
125,117,106
125,117,106
140,123,103
154,151,149
154,151,149
169,143,154
159,154,149
159,154,149
159,154,149
176,123,94
152,148,143
163,161,156
158,155,150
158,155,150
158,155,150
162,159,154
162,159,154
121,128,125
190,183,183
147,147,140
147,147,140
145,144,137
145,144,137
188,185,181
188,185,181
176,171,166
131,124,115
131,124,115
165,164,161
165,164,161
165,164,161
165,164,161
162,160,162
149,156,144
171,171,169
171,171,169
197,194,192
171,170,167
108,121,109
185,181,176
133,120,111
162,161,159
162,161,159
162,161,159
162,161,159
162,161,159
162,155,148
153,147,144
153,147,144
157,151,154
131,137,137
131,137,137
152,135,117
152,135,117
152,135,117
152,135,117
152,135,117
152,135,117
167,161,165
156,150,153
156,141,124
156,141,124
156,141,124
156,141,124
156,141,124
132,132,134
132,132,134
152,151,149
158,153,156
166,160,164
163,158,163
156,136,112
124,124,127
151,143,134
151,143,134
151,143,134
166,155,144
166,155,144
166,155,144
168,157,146
168,157,146
169,158,149
169,158,149
169,159,150
176,175,175
169,159,151
169,159,151
167,165,163
165,161,157
166,163,158
162,160,159
165,164,159
148,136,126
148,136,126
148,136,126
160,150,142
160,150,142
169,167,165
163,155,146
168,166,162
147,116,94
146,114,94
163,161,158
159,134,108
165,163,161
157,132,106
142,127,113
109,104,99
168,158,149
168,158,149
168,158,149
165,138,114
162,145,115
148,122,95
151,125,101
164,154,145
173,162,153
122,118,112
122,118,112
122,118,112
157,131,108
113,110,104
113,110,104
113,110,104
113,110,104
159,158,154
117,112,107
117,112,107
117,112,107
118,105,98
121,115,111
121,115,111
121,117,113
121,117,113
191,176,159
121,119,115
146,129,120
146,129,120
122,89,68
122,89,68
127,122,117
127,122,117
122,117,112
122,117,112
117,84,63
117,84,63
132,112,100
132,112,100
200,190,177
152,136,122
152,136,122
117,113,109
117,113,109
153,151,149
152,134,119
152,134,119
152,134,119
199,190,178
158,144,132
158,144,132
152,144,139
152,144,139
182,177,173
182,177,173
106,102,99
106,102,99
121,114,111
111,108,111
155,142,127
93,86,81
93,86,81
109,108,110
109,108,110
107,105,107
107,105,107
165,158,154
178,177,174
178,177,174
178,177,174
162,159,158
150,148,145
148,148,145
149,147,142
150,147,142
147,144,139
147,144,139
149,148,144
147,145,142
143,143,139
149,146,143
148,147,142
175,169,164
65,147,115
145,143,139
145,143,139
143,144,141
188,168,149
188,168,149
143,142,138
148,147,142
50,130,98
205,188,170
205,188,170
152,151,147
152,151,147
134,125,114
134,125,114
147,146,143
147,146,143
156,159,167
158,160,165
198,180,161
198,180,161
190,170,151
190,170,151
190,170,150
190,170,150
180,179,177
180,179,177
179,179,177
191,169,149
191,169,149
191,169,149
155,156,158
194,175,157
194,175,157
194,175,157
155,153,149
205,190,172
205,190,172
205,190,172
178,179,181
153,151,146
141,141,136
147,145,142
172,168,163
179,154,131
179,154,131
152,150,147
176,180,189
153,151,148
140,140,138
154,151,149
120,121,116
120,121,116
172,142,119
172,142,119
172,142,119
154,151,149
179,181,186
162,166,177
186,182,178
186,182,178
186,182,178
149,148,146
161,166,181
180,182,188
157,130,110
157,130,110
143,141,138
174,148,127
174,148,127
174,148,127
174,148,127
189,166,146
189,166,146
148,148,142
196,195,192
206,191,174
206,191,174
206,191,174
149,147,142
149,147,142
149,147,142
150,149,146
150,149,146
150,149,146
152,152,149
152,152,149
152,152,149
188,184,176
188,184,176
204,188,169
204,188,169
145,147,146
145,147,146
145,147,146
186,183,176
186,183,176
203,186,168
203,186,168
203,186,168
151,149,145
151,149,145
151,149,145
182,182,180
154,152,148
154,152,148
154,152,148
154,152,149
154,152,149
154,152,149
206,189,171
206,189,171
206,189,171
150,148,145
150,148,145
150,148,145
208,192,173
208,192,173
208,192,173
150,148,144
150,148,144
150,148,144
150,148,144
150,148,144
187,183,176
187,183,176
187,183,176
148,146,142
148,146,142
148,146,142
148,146,142
147,146,143
147,146,143
150,148,146
150,148,146
148,146,143
148,146,143
163,124,116
152,149,143
152,149,143
152,149,143
153,151,147
153,151,147
118,117,115
118,117,115
154,150,148
154,150,148
154,150,148
199,183,166
199,183,166
199,183,166
154,150,148
154,150,148
154,150,148
154,150,148
144,142,138
144,142,138
144,142,138
144,142,138
144,142,138
149,147,144
149,147,144
149,147,144
149,147,144
149,147,144
148,147,143
148,147,143
148,147,143
148,147,143
173,173,171
152,150,147
152,150,147
152,150,147
150,148,146
150,148,146
150,148,146
160,156,151
200,181,162
200,181,162
200,181,162
200,181,162
200,181,162
144,134,127
137,121,107
137,121,107
137,121,107
164,160,155
197,178,159
197,178,159
149,149,146
149,149,146
199,179,160
199,179,160
199,179,160
199,179,160
161,159,156
161,159,156
161,159,156
161,159,156
151,147,142
151,147,142
136,127,125
161,162,153
161,162,153
161,162,153
161,162,153
161,162,153
156,136,122
156,136,122
165,164,162
186,178,170
186,178,170
186,178,170
144,133,125
144,133,125
144,133,125
193,171,150
193,171,150
193,171,150
154,152,148
154,152,148
149,146,141
149,146,141
149,146,141
170,163,156
170,163,156
170,163,156
148,127,113
148,127,113
148,127,113
152,150,146
152,150,146
152,150,146
152,149,144
150,149,145
150,149,145
150,149,145
201,182,163
201,182,163
191,187,182
163,116,101
163,116,101
145,123,111
145,123,111
160,159,157
150,133,127
164,157,154
164,157,154
158,141,130
158,141,130
204,189,171
204,189,171
204,189,171
196,179,160
196,179,160
196,179,160
196,179,160
134,121,112
134,119,109
163,160,155
154,151,146
154,151,146
193,174,154
193,174,154
193,174,154
193,174,154
162,162,160
162,162,160
211,196,180
211,196,180
211,196,180
211,196,180
211,196,180
137,126,122
132,119,110
132,119,110
212,197,181
212,197,181
198,181,164
198,181,164
160,159,154
160,159,154
212,197,181
212,197,181
212,197,181
212,197,181
159,159,157
133,130,133
133,130,133
153,141,133
164,163,159
164,163,159
164,163,159
143,131,131
168,146,149
160,160,157
141,127,118
156,146,129
153,142,126
151,141,127
161,160,158
156,140,124
159,140,133
181,158,138
181,158,138
154,152,148
154,152,148
154,152,148
184,162,142
184,162,142
184,162,142
184,162,142
184,162,142
208,190,172
208,190,172
158,157,154
158,157,154
146,133,119
143,134,125
156,129,110
156,129,110
156,129,110
156,129,110
156,129,110
151,140,123
166,137,116
166,137,116
166,137,116
160,159,155
160,159,155
154,146,138
152,151,147
152,151,147
159,158,155
159,158,155
159,158,155
153,151,148
153,151,148
191,173,153
191,173,153
191,173,153
172,145,124
172,145,124
172,145,124
141,135,124
158,148,134
149,148,142
149,148,142
149,148,142
153,152,147
153,152,147
153,152,147
147,137,124
148,146,142
148,146,142
148,146,142
199,182,164
199,182,164
151,150,146
151,150,146
151,150,146
151,144,139
151,144,139
151,144,139
151,144,139
135,130,125
135,130,125
135,130,125
135,130,125
135,130,125
146,119,104
146,119,104
153,146,139
153,146,139
153,146,139
153,146,139
212,198,182
212,198,182
150,143,136
150,143,136
150,143,136
150,143,136
140,130,116
133,115,96
152,145,140
152,145,140
152,145,140
152,145,140
126,121,115
126,121,115
126,121,115
126,121,115
126,121,115
147,146,142
147,146,142
147,146,142
147,146,142
203,186,168
203,186,168
203,186,168
150,148,144
150,148,144
150,148,144
150,148,144
150,148,144
150,148,144
150,148,144
150,149,144
150,149,144
150,149,144
150,149,144
154,153,148
154,153,148
154,153,148
154,153,148
145,144,140
145,144,140
145,144,140
150,149,145
150,149,145
150,149,145
149,148,145
149,148,145
149,148,145
148,147,144
148,147,144
148,147,144
150,148,142
150,148,142
150,148,142
133,121,111
210,196,181
210,196,181
210,196,181
210,196,181
210,196,181
151,148,144
151,148,144
151,148,144
132,128,121
149,146,143
149,146,143
149,146,143
136,131,122
149,147,143
149,147,143
149,147,143
146,141,129
139,118,96
150,145,134
145,147,146
145,147,146
145,147,146
154,150,146
133,123,121
144,143,139
135,128,125
149,147,139
149,147,139
149,147,139
151,148,142
151,148,142
151,148,142
151,148,142
142,129,122
142,129,122
152,149,144
152,149,144
152,149,144
152,149,144
152,149,147
152,149,147
152,149,147
136,127,125
136,127,125
151,148,146
151,148,146
151,148,146
135,123,113
148,146,142
148,146,142
148,146,142
148,146,142
148,146,142
166,163,161
147,144,140
147,144,140
147,144,140
147,144,140
147,144,140
149,147,145
147,144,140
147,144,140
147,144,140
147,144,140
147,144,140
179,159,141
179,159,141
179,159,141
123,117,107
149,147,143
149,147,143
149,147,143
149,147,143
149,147,143
147,145,140
147,145,140
147,145,140
147,145,140
147,145,140
188,169,151
188,169,151
188,169,151
150,148,141
150,148,141
150,148,141
150,148,141
150,148,144
150,148,144
150,148,144
150,148,144
135,112,95
135,112,95
135,112,95
135,112,95
148,147,142
148,147,142
148,147,142
148,147,142
148,147,142
150,150,146
150,150,146
150,150,146
150,150,146
150,150,146
148,148,144
148,148,144
148,148,144
148,148,144
148,148,144
148,147,142
148,147,142
148,147,142
148,147,142
148,147,142
144,145,141
144,145,141
144,145,141
144,145,141
144,145,141
188,167,149
188,167,149
188,167,149
188,167,149
188,167,149
187,184,182
158,129,109
149,148,142
149,148,142
149,148,142
151,150,144
151,150,144
151,150,144
148,133,125
189,187,186
149,148,145
149,148,145
149,148,145
151,150,146
151,150,146
151,150,146
151,150,146
149,148,143
149,148,143
149,148,143
149,148,143
149,148,143
127,121,112
127,121,112
148,147,141
148,147,141
148,147,141
148,147,141
148,147,141
151,147,142
151,147,142
151,147,142
151,147,142
151,147,142
148,146,140
148,146,140
148,146,140
148,146,140
148,146,140
159,156,155
159,156,155
159,156,155
150,148,145
150,148,145
150,148,145
150,148,145
140,140,139
140,140,139
186,182,177
160,147,137
160,147,137
146,144,141
146,144,141
146,144,141
146,144,141
146,144,141
148,146,141
148,146,141
148,146,141
148,146,141
146,132,123
175,173,168
175,173,168
113,102,97
113,102,97
113,102,97
113,102,97
185,185,183
159,156,154
159,156,154
159,156,154
159,156,154
159,156,154
147,145,142
147,145,142
147,145,142
147,145,142
147,145,142
147,145,142
147,145,142
147,145,142
143,143,139
143,143,139
143,143,139
143,143,139
149,150,146
149,150,146
149,150,146
149,150,146
150,150,146
150,150,146
150,150,146
150,150,146
149,148,145
149,148,145
149,148,145
149,148,145
149,148,145
209,180,168
135,130,122
135,130,122
135,130,122
146,145,142
146,145,142
146,145,142
146,145,142
146,145,142
145,144,141
145,144,141
145,144,141
145,144,141
150,150,147
150,150,147
150,150,147
150,150,147
145,144,142
145,144,142
145,144,142
145,144,142
144,145,142
144,145,142
144,145,142
144,145,142
144,145,142
148,148,145
148,148,145
148,148,145
148,148,145
147,147,144
147,147,144
147,147,144
147,147,144
147,147,144
148,146,141
148,146,141
148,146,141
148,146,141
148,146,141
147,146,142
147,146,142
147,146,142
147,146,142
147,146,142
183,173,162
183,173,162
149,142,134
149,142,134
149,142,134
149,142,134
149,142,134
151,146,140
151,146,140
151,146,140
151,146,140
151,146,140
190,184,175
153,148,143
153,148,143
153,148,143
153,147,140
153,147,140
153,147,140
153,147,140
153,147,140
147,144,136
147,144,136
147,144,136
147,144,136
168,166,164
143,143,137
143,143,137
143,143,137
143,143,137
143,143,137
152,151,146
152,151,146
152,151,146
152,151,146
147,148,142
147,148,142
147,148,142
147,148,142
147,148,142
151,150,146
151,150,146
151,150,146
151,150,146
151,150,146
151,150,146
151,150,146
148,147,143
148,147,143
148,147,143
148,147,143
148,147,143
146,145,140
146,145,140
146,145,140
146,145,140
146,145,140
130,120,108
130,120,108
149,148,144
149,148,144
149,148,144
149,148,144
152,151,146
152,151,146
152,151,146
152,151,146
152,151,146
161,136,115
151,150,146
151,150,146
151,150,146
149,147,143
149,147,143
149,147,143
149,147,143
153,151,148
147,144,144
166,159,143
154,152,147
154,152,147
154,152,147
162,156,141
151,149,143
151,149,143
151,149,143
151,149,143
148,148,144
148,148,144
148,148,144
148,148,144
149,148,143
149,148,143
149,148,143
149,148,143
149,148,143
147,146,142
147,146,142
147,146,142
147,146,142
147,146,142
142,140,137
142,140,137
142,140,137
148,146,143
148,146,143
148,146,143
148,146,143
148,146,143
145,143,140
145,143,140
145,143,140
145,143,140
145,143,140
168,166,165
129,124,117
129,124,117
156,153,152
156,153,152
129,122,114
129,122,114
129,122,114
140,133,126
140,133,126
140,133,126
48,103,83
149,143,138
123,115,105
140,134,128
140,134,128
134,181,169
128,179,162
155,150,143
133,186,176
161,155,146
163,158,156
126,117,109
126,117,109
64,115,80
66,117,85
138,130,121
138,130,121
132,124,115
61,129,92
124,117,108
143,137,133
51,140,95
167,156,148
51,143,100
152,146,141
160,159,157
124,117,108
124,117,108
149,146,140
111,109,107
157,152,145
164,158,153
149,144,136
144,139,132
161,161,159
157,156,154
168,162,156
168,162,156
168,162,156
131,123,118
131,123,118
150,148,145
129,122,112
129,122,112
159,153,147
159,153,147
159,153,147
140,134,124
136,132,126
126,120,110
126,120,110
163,155,148
163,155,148
163,155,148
158,158,155
159,157,155
144,143,143
174,173,167
174,173,167
174,173,167
150,146,142
196,195,192
171,170,164
171,170,164
171,170,164
171,170,164
171,170,164
171,170,164
194,195,192
194,195,192
146,144,141
146,144,141
146,144,141
149,148,143
149,148,143
149,148,143
149,148,143
156,153,148
156,153,148
156,153,148
147,147,142
147,147,142
147,147,142
147,147,142
147,147,142
138,136,133
138,136,133
138,136,133
147,147,143
147,147,143
147,147,143
147,147,143
115,107,97
115,107,97
146,146,142
146,146,142
146,146,142
146,146,142
153,148,143
156,153,147
143,139,134
146,146,142
146,146,142
146,146,142
146,146,142
146,146,142
146,145,141
146,145,141
146,145,141
146,145,141
146,145,141
172,153,129
172,153,129
172,153,129
155,152,145
171,153,130
171,153,130
182,181,179
155,150,143
176,175,174
156,152,146
175,169,164
175,169,164
152,147,143
152,147,143
153,150,142
153,150,142
167,152,130
167,152,130
132,124,113
159,154,147
158,153,149
155,149,143
169,155,133
169,155,133
172,157,134
172,157,134
151,147,145
151,147,145
151,147,145
155,151,148
172,155,132
172,155,132
175,155,130
175,155,130
128,121,112
128,121,112
153,151,150
153,151,150
153,151,150
153,151,150
150,149,148
150,149,148
150,149,148
150,149,148
150,149,148
167,148,124
167,148,124
129,122,111
129,122,111
152,148,145
152,148,145
151,149,146
173,173,167
173,173,167
173,173,167
173,173,167
167,151,127
167,151,127
170,169,164
170,169,164
170,169,164
163,137,113
163,137,113
163,137,113
166,139,115
166,139,115
163,160,158
163,160,158
163,160,158
163,160,158
164,138,115
164,138,115
168,142,121
168,142,121
168,142,121
168,167,163
168,167,163
168,167,163
168,167,163
173,172,167
173,172,167
173,172,167
173,172,167
173,172,167
166,139,117
166,139,117
166,139,117
155,152,150
155,152,150
165,139,118
165,139,118
168,169,163
168,169,163
168,169,163
168,169,163
141,139,130
174,148,119
174,148,119
174,148,119
150,149,145
150,149,145
150,149,145
165,139,114
165,139,114
165,139,114
149,146,143
149,146,143
149,146,143
151,149,143
151,149,143
151,149,143
150,141,127
150,141,127
150,141,127
150,141,127
149,148,145
149,148,145
149,148,145
159,157,155
159,157,155
153,152,148
153,152,148
153,152,148
156,145,131
156,145,131
156,145,131
160,150,136
160,150,136
160,150,136
148,146,141
148,146,141
148,146,141
146,145,141
146,145,141
146,145,141
153,151,149
150,149,146
150,149,146
150,149,146
149,149,145
149,149,145
149,149,145
151,149,146
151,149,146
151,149,146
200,197,194
167,166,164
151,140,125
151,140,125
151,140,125
151,140,125
151,140,125
152,150,147
152,150,147
152,150,147
149,149,148
149,149,148
149,149,148
148,149,147
148,149,147
148,149,147
164,161,159
164,161,159
153,144,130
153,144,130
153,144,130
153,144,130
148,148,145
148,148,145
148,148,145
147,146,143
147,146,143
147,146,143
167,141,117
167,141,117
167,141,117
148,147,144
148,147,144
148,147,144
150,149,145
150,149,145
150,149,145
168,142,117
168,142,117
168,142,117
168,142,117
148,147,142
148,147,142
148,147,142
148,147,143
148,147,143
148,147,143
155,154,152
146,146,141
146,146,141
146,146,141
170,155,142
170,155,142
170,155,142
170,155,142
148,147,146
205,200,198
148,145,141
148,145,141
148,145,141
143,129,114
143,129,114
143,129,114
143,129,114
150,138,130
150,138,130
129,112,90
204,201,199
153,150,147
153,150,147
153,150,147
166,140,112
166,140,112
166,140,112
144,126,103
147,147,145
147,147,145
147,147,145
136,134,126
136,134,126
136,134,126
202,199,197
202,199,197
135,133,123
135,133,123
135,133,123
141,138,130
141,138,130
141,138,130
164,137,108
164,137,108
164,137,108
112,111,104
137,135,134
143,142,140
143,142,140
143,142,140
81,87,83
81,87,83
151,148,144
151,148,144
151,148,144
134,127,116
202,200,197
150,149,147
84,89,82
84,89,82
84,89,82
134,125,114
134,126,115
134,126,115
134,126,115
134,126,115
150,148,147
197,194,191
92,89,83
92,89,83
92,89,83
96,92,88
96,92,88
143,130,102
143,130,102
151,149,143
151,149,143
151,149,143
143,136,124
143,136,124
93,89,85
93,89,85
149,147,143
149,147,143
149,147,143
151,149,145
151,149,145
151,149,145
149,149,144
149,149,144
149,149,144
150,149,133
132,124,114
155,153,146
155,153,146
155,153,146
147,147,144
147,147,144
147,147,144
200,196,193
167,140,116
167,140,116
167,140,116
166,141,116
166,141,116
166,141,116
150,145,141
150,145,141
150,145,141
150,145,139
150,145,139
150,145,139
150,148,143
150,148,143
150,148,143
149,147,145
154,148,144
154,148,144
149,146,143
149,146,143
149,146,143
145,144,140
159,156,152
150,148,145
150,148,145
150,148,145
150,148,145
150,148,143
150,148,143
150,148,143
150,148,143
152,146,143
159,158,156
162,162,159
150,148,144
150,148,144
150,148,144
150,148,144
134,125,114
134,125,114
134,125,114
159,159,155
152,150,145
152,150,145
152,150,145
152,150,145
149,148,145
149,148,145
151,145,141
152,150,147
152,150,147
152,150,147
149,143,140
149,143,140
145,144,143
145,144,143
145,144,143
150,148,146
150,148,146
150,148,146
151,147,145
151,147,145
151,147,145
151,147,145
152,145,142
152,145,142
152,145,142
150,148,145
150,148,145
150,148,145
176,151,128
176,151,128
151,149,147
151,149,147
151,149,147
151,149,147
148,147,144
148,147,144
148,147,144
147,146,144
152,142,122
153,145,142
153,145,142
144,143,140
144,143,140
144,143,140
144,143,140
185,177,170
150,148,145
150,148,145
150,148,145
150,148,145
148,146,143
148,146,143
148,146,143
155,150,148
150,148,145
150,148,145
150,148,145
145,143,142
143,142,138
143,142,138
143,142,138
139,137,134
151,149,144
151,149,144
151,149,144
151,149,144
136,134,133
183,175,167
183,175,167
183,175,167
147,145,142
189,166,145
151,149,145
151,149,145
151,149,145
151,149,145
152,149,145
152,149,145
152,149,145
152,149,145
150,147,143
150,147,143
150,147,143
150,147,143
186,179,172
186,179,172
189,167,147
189,167,147
151,150,146
151,150,146
151,150,146
151,150,146
153,151,148
153,151,148
153,151,148
147,147,147
147,147,147
147,147,147
147,147,147
150,152,154
151,149,145
151,149,145
151,149,145
151,149,145
148,146,142
148,146,142
148,146,142
148,146,142
150,148,144
150,148,144
150,148,144
150,148,144
150,148,144
150,148,144
150,148,144
145,143,141
145,143,141
152,149,145
152,149,145
152,149,145
152,149,145
135,134,132
135,134,132
150,147,142
150,147,142
150,147,142
150,147,142
183,165,149
149,147,140
149,147,140
149,147,140
149,147,140
140,139,137
140,139,137
137,136,134
137,136,134
180,159,140
152,152,153
152,152,153
168,162,154
185,165,148
181,159,140
181,176,170
132,124,114
184,162,143
142,134,127
162,152,151
162,152,151
158,157,155
158,157,155
144,141,140
144,141,140
128,123,116
136,128,122
136,128,122
156,152,150
156,152,150
160,152,145
160,152,145
186,184,180
154,151,141
154,151,141
154,151,141
139,137,134
139,137,134
139,137,134
149,147,145
149,147,145
149,147,145
140,139,138
140,139,138
147,146,144
147,146,144
142,141,139
142,141,139
134,126,115
149,147,144
149,147,144
184,179,173
184,179,173
148,144,142
148,144,142
131,122,112
131,122,112
153,152,150
153,152,150
162,160,155
162,160,155
79,73,64
79,73,64
79,73,64
79,73,64
153,153,149
126,120,112
126,120,112
196,185,179
160,158,154
135,130,122
135,130,122
138,108,88
123,115,109
161,159,156
161,159,156
152,152,148
141,139,131
141,139,131
141,139,131
136,134,129
136,134,129
136,132,125
136,132,125
149,149,142
150,150,146
152,152,149
152,152,149
164,162,160
164,162,160
174,166,158
187,176,174
180,168,162
180,168,162
180,173,164
178,174,160
178,170,155
181,174,160
132,125,115
132,125,115
128,122,112
128,122,112
153,146,141
159,130,104
164,161,159
164,161,159
164,161,159
126,120,109
126,120,109
132,125,113
132,125,113
182,177,163
154,140,118
140,136,128
140,136,128
158,156,153
158,156,153
158,156,153
132,127,119
132,127,119
108,89,80
132,125,116
161,161,165
161,161,165
126,119,108
126,119,108
162,148,143
127,120,109
127,120,109
134,127,118
134,127,118
143,142,140
143,142,140
147,143,138
128,123,114
128,123,114
128,123,114
149,150,149
149,150,149
145,143,141
145,143,141
152,148,143
149,147,139
149,147,139
149,147,139
192,189,187
129,122,112
129,122,112
129,122,112
183,180,178
111,82,65
201,197,194
126,119,108
126,119,108
125,117,107
169,167,164
169,167,164
130,124,114
130,124,114
190,183,166
148,143,136
148,143,136
148,143,136
178,172,165
178,172,165
178,172,165
192,186,168
176,170,162
176,170,162
176,170,165
176,170,165
203,192,194
203,192,194
119,113,106
119,113,106
171,165,157
171,165,157
171,165,157
178,168,154
197,193,189
198,194,190
198,194,190
140,133,128
140,133,128
151,132,113
149,144,138
184,177,159
145,139,132
183,174,160
135,133,125
135,133,125
135,133,125
174,166,155
174,166,155
141,134,129
141,134,129
153,129,107
177,171,159
177,171,159
133,129,120
133,129,120
177,173,162
177,173,162
148,143,138
147,148,136
147,148,136
174,165,158
174,165,158
174,165,158
132,127,121
132,127,121
132,127,121
174,170,159
174,170,159
174,169,159
179,172,162
153,151,157
153,151,157
187,182,172
187,182,172
179,169,154
179,169,154
152,149,145
183,175,162
183,175,162
196,192,189
196,192,189
196,192,189
188,181,165
188,181,165
147,145,144
175,169,163
150,149,151
147,144,143
200,195,192
200,195,192
195,189,176
195,189,176
177,171,165
184,176,162
184,176,162
189,185,175
189,185,175
189,185,175
190,176,170
190,176,170
176,153,124
176,153,124
169,168,167
178,170,164
178,170,164
166,161,155
166,161,155
178,172,162
178,172,162
178,172,162
179,175,164
179,175,164
179,175,164
193,188,179
193,188,179
193,188,179
182,178,174
182,178,174
164,164,162
164,164,162
164,164,162
164,164,162
172,166,157
172,166,157
167,164,161
167,164,161
167,164,161
170,170,168
170,170,168
170,169,167
168,165,153
168,165,153
168,165,153
48,118,72
48,118,72
168,167,165
168,167,165
178,177,172
178,177,172
178,177,172
59,132,83
121,109,101
121,109,101
167,166,160
167,166,160
135,123,115
165,163,157
165,163,157
166,163,157
166,163,157
149,123,89
149,123,89
152,131,94
157,156,153
155,151,143
155,151,143
155,151,143
145,140,138
157,145,132
155,152,145
155,152,145
155,152,145
159,153,147
180,175,172
180,175,172
153,149,144
203,201,198
203,201,198
203,201,198
133,128,123
133,128,123
207,203,200
207,203,200
141,125,109
141,125,109
151,146,139
151,146,139
145,119,85
145,119,85
130,131,130
130,131,130
130,131,130
130,131,130
167,161,156
167,161,156
146,126,97
146,126,97
146,141,157
158,153,145
188,184,180
188,184,180
188,184,180
141,141,136
141,141,136
109,94,73
109,94,73
134,131,129
134,131,129
169,167,165
139,139,136
139,139,136
171,169,167
170,168,165
170,168,165
143,142,140
198,196,194
198,196,194
198,196,194
191,186,182
191,186,182
191,186,182
176,174,172
123,104,81
123,104,81
159,139,119
159,139,119
121,101,79
121,101,79
208,206,204
162,143,123
162,143,123
165,158,151
134,128,119
156,151,149
156,151,149
108,90,73
108,90,73
205,202,200
205,202,200
168,149,129
168,149,129
100,79,64
100,79,64
200,196,195
200,196,195
105,104,103
158,148,138
167,147,127
167,147,127
159,149,137
117,115,114
117,115,114
155,147,130
111,109,107
111,109,107
169,164,160
160,140,119
160,140,119
156,151,146
156,151,146
105,98,89
156,149,143
96,91,87
96,91,87
92,71,60
92,71,60
88,73,65
183,179,175
183,179,175
153,148,142
153,148,142
92,72,58
92,72,58
120,117,113
120,117,113
194,191,185
194,191,185
155,151,145
155,151,145
161,156,150
161,156,150
161,156,150
164,142,121
164,142,121
177,173,170
88,65,52
88,65,52
124,122,119
124,122,119
164,160,153
88,64,54
88,64,54
139,134,131
139,134,131
139,134,131
191,179,164
191,179,164
191,179,164
191,179,164
191,179,164
141,133,130
141,133,130
141,133,130
143,136,126
161,155,151
161,155,151
161,155,151
186,182,179
186,182,179
186,182,179
158,164,157
158,164,157
159,152,143
159,152,143
151,143,135
151,143,135
145,141,138
145,141,138
167,148,128
167,148,128
146,142,137
146,142,137
94,93,107
133,125,118
133,125,118
143,136,126
143,136,126
150,142,132
150,142,132
163,155,146
163,155,146
96,91,87
137,129,124
137,129,124
163,159,155
162,154,146
162,154,146
161,153,144
161,153,144
142,136,127
142,136,127
138,131,124
138,131,124
176,171,166
176,171,166
140,133,125
140,133,125
159,151,141
159,151,141
165,157,149
165,157,149
162,157,151
162,157,151
159,150,141
159,150,141
166,160,152
166,160,152
149,143,134
149,143,134
151,145,138
151,145,138
166,161,154
166,161,154
149,143,136
149,143,136
132,126,119
132,126,119
178,173,168
181,176,171
181,176,171
155,142,126
117,112,108
117,112,108
174,172,168
170,168,165
170,168,165
169,166,163
169,166,163
169,166,163
172,169,166
172,169,166
172,169,166
154,147,138
154,147,138
150,146,138
150,146,138
169,167,164
169,167,164
169,167,164
169,167,164
171,169,166
171,169,166
161,152,143
161,152,143
168,165,161
168,165,161
168,165,161
168,165,161
168,165,161
172,171,168
172,171,168
166,165,161
166,165,161
155,145,136
155,145,136
160,151,141
160,151,141
169,169,166
169,169,166
159,150,140
159,150,140
172,171,168
172,171,168
172,171,168
169,167,165
169,167,165
165,160,159
165,160,159
167,165,163
167,165,163
133,130,129
133,130,129
133,130,129
170,167,164
170,167,164
170,167,164
170,166,163
170,166,163
170,166,163
170,166,163
170,166,163
173,168,162
173,168,162
166,165,163
166,165,163
142,134,126
142,134,126
166,166,163
166,166,163
168,167,164
168,167,164
168,167,164
168,167,164
168,167,164
140,133,127
140,133,127
160,152,144
160,152,144
148,141,137
148,141,137
166,164,161
166,164,161
169,167,164
169,167,164
169,167,164
142,134,127
142,134,127
142,134,127
168,166,163
168,166,163
163,160,156
163,160,156
163,160,156
168,166,162
168,166,162
128,108,99
128,108,99
128,108,99
171,169,165
171,169,165
171,169,165
137,123,109
167,166,164
167,166,164
162,142,121
162,142,121
167,165,162
167,165,162
168,166,163
168,166,163
164,163,161
164,163,161
143,126,113
157,155,153
153,150,148
155,153,151
187,185,180
187,185,180
167,166,163
167,166,163
167,166,163
140,121,108
182,178,172
182,178,172
182,178,172
113,99,88
158,157,155
158,157,155
158,157,155
162,155,147
145,138,135
145,138,135
128,105,90
128,105,90
166,165,163
166,165,163
156,140,127
165,164,161
145,138,136
145,138,136
127,108,96
127,108,96
127,108,96
137,109,88
137,109,88
143,134,124
143,134,124
159,138,117
159,138,117
192,171,149
192,171,149
150,140,129
150,140,129
151,138,126
159,141,123
149,133,121
149,133,121
151,143,133
186,183,177
186,183,177
186,183,177
147,128,115
155,144,133
186,183,177
186,183,177
186,183,177
186,183,177
106,102,98
106,102,98
153,142,130
152,145,141
132,111,96
151,143,140
151,143,140
137,121,108
137,121,108
139,121,109
139,121,109
132,121,111
138,119,106
138,119,106
169,168,166
169,168,166
141,124,110
141,124,110
158,157,155
148,138,128
142,119,98
142,119,98
165,162,160
165,162,160
165,162,160
162,140,118
162,140,118
164,163,161
164,163,161
164,163,161
164,163,161
164,163,161
167,160,157
175,169,165
149,142,132
165,159,155
149,147,146
148,121,99
148,121,99
148,121,99
174,168,164
157,134,110
157,134,110
162,155,147
187,166,147
187,166,147
187,166,147
182,180,174
144,123,103
144,123,103
135,115,98
135,115,98
135,115,98
171,169,164
171,169,164
155,153,149
155,153,149
158,155,148
158,155,148
137,117,100
137,117,100
137,117,100
167,165,161
167,165,161
168,166,162
168,166,162
168,166,162
159,156,151
159,156,151
159,156,151
137,118,102
137,118,102
137,118,102
159,156,152
159,156,152
159,156,152
167,164,157
167,164,157
143,124,107
143,124,107
163,154,147
149,130,112
147,146,147
147,146,147
143,125,107
143,125,107
194,191,187
151,148,143
151,148,143
177,173,171
142,128,115
142,128,115
168,161,153
176,174,172
139,121,106
139,121,106
142,129,119
142,129,119
142,129,119
148,141,137
146,129,113
146,129,113
146,129,113
151,143,140
145,127,110
145,127,110
145,127,110
145,127,110
145,127,110
163,148,130
163,148,130
161,156,151
161,156,151
161,156,151
184,167,151
154,137,121
154,137,121
146,129,114
146,129,114
146,129,114
146,129,114
158,138,121
158,138,121
131,123,112
131,123,112
152,134,117
152,134,117
152,137,119
152,137,119
152,137,119
152,137,119
118,105,92
118,105,92
118,105,92
118,105,92
172,156,134
162,139,113
159,137,112
159,137,112
153,147,140
124,114,105
124,114,105
141,142,139
143,121,95
143,121,95
138,137,136
134,135,133
134,135,133
136,135,134
136,135,134
141,141,140
128,128,125
140,129,121
140,129,121
200,150,93
200,150,93
174,126,76
200,152,98
147,123,98
147,123,98
147,123,98
188,139,85
174,162,150
130,119,116
200,154,98
199,196,186
199,196,186
184,141,93
148,100,65
150,100,64
181,178,173
156,107,72
143,127,113
143,127,113
148,107,76
132,121,117
132,121,117
166,153,156
166,153,156
171,164,156
144,136,128
146,138,128
152,147,137
152,147,137
152,147,137
152,147,137
145,136,125
141,133,124
131,121,105
171,159,146
171,159,146
179,176,172
173,165,159
153,148,142
153,148,142
153,148,142
153,148,142
164,154,139
164,154,139
174,162,149
174,162,149
161,150,134
161,150,134
161,150,134
153,136,114
151,141,126
188,185,179
190,187,180
160,157,153
184,180,174
184,180,174
165,153,140
175,172,167
175,162,149
175,162,149
159,144,125
159,144,125
201,197,195
191,187,177
184,179,169
184,179,169
164,140,111
148,141,132
185,181,176
185,181,176
185,181,176
185,181,176
185,181,176
185,181,176
161,154,147
161,154,147
149,135,127
149,135,127
149,135,127
149,135,127
134,126,119
200,198,193
123,112,103
164,158,152
136,127,120
197,192,188
189,187,183
124,120,121
198,190,184
193,193,184
187,184,179
171,160,149
153,157,161
172,171,169
172,171,169
157,156,154
157,156,154
165,164,162
165,164,162
149,147,143
168,166,159
168,166,159
170,168,161
170,168,161
162,161,158
162,161,158
167,167,165
167,167,165
157,152,145
157,152,145
169,169,167
169,169,167
137,134,129
148,116,90
158,161,151
150,144,139
140,129,117
140,129,117
116,118,112
116,118,112
156,149,138
156,149,138
149,147,144
152,152,147
151,131,100
151,131,100
162,123,79
162,123,79
188,177,164
192,182,169
142,123,100
156,143,129
186,176,164
186,176,164
186,176,164
155,145,134
134,114,88
134,114,88
134,114,88
134,114,88
210,195,183
210,195,183
210,195,183
183,147,113
165,158,152
133,122,112
133,122,112
158,144,126
169,149,121
169,149,121
169,149,121
164,145,121
140,120,102
140,120,102
153,148,143
173,148,120
173,148,120
168,150,129
175,154,129
175,154,129
188,165,145
172,151,125
172,151,125
158,160,148
158,160,148
166,153,136
166,153,136
158,158,143
158,158,143
182,181,178
182,181,178
152,152,138
152,152,138
158,153,136
158,153,136
157,151,145
157,151,145
152,152,150
157,156,137
157,156,137
156,154,136
156,154,136
162,162,144
162,162,144
163,157,153
163,157,153
166,142,114
166,142,114
157,154,138
157,154,138
157,153,137
157,153,137
161,156,141
161,156,141
149,154,143
149,154,143
155,149,144
155,149,144
152,157,145
152,157,145
160,154,149
152,156,144
152,156,144
164,165,165
164,165,165
172,150,124
172,150,124
157,152,134
157,152,134
172,146,117
172,146,117
172,146,117
172,146,117
175,151,123
175,151,123
175,151,123
175,151,123
175,151,123
160,155,137
160,155,137
150,146,134
150,146,134
174,152,125
174,152,125
174,152,125
173,152,126
173,152,126
173,152,126
173,152,126
162,141,118
169,146,120
169,146,120
169,146,120
169,146,120
169,146,120
151,147,132
151,147,132
140,139,136
140,139,136
175,153,126
171,150,123
171,150,123
167,142,114
167,142,114
167,142,114
167,142,114
172,149,122
172,149,122
172,149,122
172,149,122
172,149,122
175,171,167
175,171,167
162,156,152
174,169,169
174,169,169
170,165,166
170,165,166
166,160,154
176,172,172
176,172,172
163,158,154
163,158,154
154,149,146
180,174,173
180,174,173
176,169,168
176,169,168
176,169,168
176,169,168
160,155,150
173,166,162
173,166,162
175,167,164
175,167,164
176,168,166
176,168,166
169,148,121
169,148,121
177,169,166
177,169,166
152,146,139
152,146,139
171,150,124
171,150,124
171,150,124
175,172,169
175,172,169
177,173,169
177,173,169
174,153,127
174,153,127
172,168,165
172,168,165
158,150,144
170,169,165
170,169,165
181,179,176
181,179,176
180,178,176
180,178,176
178,176,173
178,176,173
158,152,147
158,152,147
178,175,172
178,175,172
175,170,169
175,170,169
175,170,169
175,170,169
180,180,176
180,180,176
154,149,146
173,169,169
173,169,169
172,168,168
172,168,168
172,168,167
172,168,167
177,176,174
177,176,174
154,150,146
137,127,117
137,127,117
173,169,168
173,169,168
174,171,169
174,171,169
174,169,168
174,169,168
165,163,163
165,163,163
172,172,170
172,172,170
172,155,131
172,155,131
172,155,131
172,155,131
173,172,171
173,172,171
152,148,145
152,148,145
173,172,171
173,172,171
178,175,174
178,175,174
180,179,178
180,179,178
131,112,102
135,121,104
174,171,168
174,171,168
178,174,171
178,174,171
175,157,133
175,157,133
142,128,112
176,175,173
176,175,173
178,175,173
178,175,173
175,168,162
175,168,162
144,128,108
179,173,169
179,173,169
171,153,131
171,153,131
171,153,131
171,153,131
160,159,156
160,159,156
180,174,170
180,174,170
178,151,123
178,151,123
179,174,171
179,174,171
144,127,108
144,127,108
174,169,166
174,169,166
177,149,121
177,149,121
177,149,121
177,172,169
177,172,169
177,150,124
177,150,124
177,150,124
175,171,168
175,171,168
174,169,166
174,169,166
139,130,120
172,147,119
172,147,119
175,170,166
175,170,166
128,115,101
173,168,166
173,168,166
172,167,165
172,167,165
119,105,90
119,105,90
173,168,166
173,168,166
175,152,125
175,152,125
174,171,169
174,171,169
178,148,115
178,148,115
170,166,165
170,166,165
173,171,169
173,171,169
171,168,167
171,168,167
166,164,163
166,164,163
172,168,166
172,168,166
168,166,165
168,166,165
171,168,167
171,168,167
135,113,95
135,113,95
135,113,95
171,168,167
171,168,167
99,91,83
99,91,83
99,91,83
99,91,83
99,91,83
99,91,83
99,91,83
169,151,128
169,151,128
142,123,104
142,123,104
142,123,104
142,123,104
174,173,167
174,173,167
178,176,170
178,176,170
94,87,80
94,87,80
94,87,80
94,87,80
94,87,80
100,93,84
100,93,84
100,93,84
100,93,84
100,93,84
101,94,86
101,94,86
101,94,86
101,94,86
101,94,86
179,175,172
179,175,172
102,95,86
102,95,86
102,95,86
102,95,86
102,95,86
177,173,171
177,173,171
105,98,90
105,98,90
105,98,90
105,98,90
105,98,90
107,100,92
107,100,92
107,100,92
107,100,92
107,100,92
134,117,102
169,149,125
169,149,125
169,149,125
99,90,84
177,171,170
177,171,170
98,90,83
98,90,83
102,95,88
102,95,88
102,95,88
176,169,169
176,169,169
99,92,85
99,92,85
99,92,85
99,92,85
97,91,84
97,91,84
97,91,84
97,91,84
151,144,140
99,92,83
99,92,83
99,92,83
99,92,83
99,92,83
165,144,119
165,144,119
165,144,119
165,144,119
137,123,114
104,96,89
104,96,89
104,96,89
104,96,89
104,96,89
164,141,114
164,141,114
164,141,114
164,141,114
164,141,114
100,93,86
100,93,86
100,93,86
162,157,153
162,157,153
98,91,84
98,91,84
98,91,84
98,91,84
175,170,169
175,170,169
98,91,84
98,91,84
98,91,84
98,91,84
98,91,84
136,113,92
136,113,92
136,113,92
136,113,92
101,93,85
101,93,85
101,93,85
101,93,85
101,93,85
101,93,85
170,165,164
170,165,164
159,132,108
159,132,108
159,132,108
159,132,108
159,132,108
173,169,168
173,169,168
101,93,86
101,93,86
101,93,86
169,165,165
169,165,165
101,92,84
101,92,84
101,92,84
101,92,84
130,116,101
170,167,165
170,167,165
98,88,81
98,88,81
98,88,81
135,112,71
135,112,71
174,171,170
174,171,170
173,145,118
173,145,118
173,145,118
173,145,118
136,124,115
175,148,119
175,148,119
175,148,119
175,148,119
175,148,119
172,171,169
172,171,169
172,171,169
173,150,124
173,150,124
173,150,124
173,150,124
202,183,165
153,146,141
153,146,141
175,152,126
175,152,126
175,152,126
175,152,126
175,152,126
167,160,153
167,160,153
135,122,108
135,122,108
141,120,96
141,120,96
172,148,121
172,148,121
172,148,121
172,148,121
172,148,121
170,146,118
170,146,118
170,146,118
137,127,115
137,127,115
170,142,112
170,142,112
170,142,112
170,142,112
147,133,113
147,133,113
147,133,113
147,133,113
173,147,119
173,147,119
173,147,119
173,147,119
173,147,119
147,137,124
147,137,124
147,137,124
146,132,113
146,132,113
146,132,113
146,132,113
146,132,113
164,164,160
164,164,160
172,145,118
172,145,118
172,145,118
172,145,118
166,167,162
166,167,162
171,145,116
171,145,116
171,145,116
171,145,116
171,145,116
189,174,169
189,174,169
139,125,109
139,125,109
139,125,109
168,144,116
168,144,116
168,144,116
168,144,116
185,172,167
185,172,167
184,171,167
184,171,167
188,174,169
188,174,169
134,112,92
134,112,92
134,112,92
134,112,92
186,172,167
186,172,167
173,169,168
173,169,168
168,139,107
168,139,107
168,139,107
168,139,107
131,114,105
171,141,109
171,141,109
171,141,109
171,141,109
171,141,109
148,132,113
148,132,113
148,132,113
148,132,113
174,145,116
174,145,116
174,145,116
186,175,169
186,175,169
187,178,173
187,178,173
132,112,95
132,112,95
182,173,168
182,173,168
176,147,114
176,147,114
176,147,114
176,147,114
176,147,114
184,174,168
184,174,168
137,121,104
137,121,104
137,121,104
173,168,168
173,168,168
173,168,168
174,146,110
174,146,110
174,146,110
174,146,110
174,146,110
173,168,168
173,168,168
172,149,122
172,149,122
172,149,122
172,168,167
172,168,167
167,156,140
167,156,140
176,152,125
176,152,125
176,152,125
176,152,125
177,153,128
177,153,128
177,153,128
177,153,128
177,153,128
174,176,172
174,176,172
169,157,142
169,157,142
169,157,142
175,177,173
175,177,173
133,119,101
133,119,101
133,119,101
133,119,101
175,175,166
175,175,166
173,173,165
173,173,165
171,171,162
171,171,162
185,174,170
185,174,170
138,120,111
183,173,169
183,173,169
148,133,116
148,133,116
144,143,141
144,143,141
144,143,141
144,143,141
136,120,110
138,124,108
138,124,108
131,114,106
150,135,117
150,135,117
172,174,167
172,174,167
168,164,164
168,164,164
166,151,134
166,151,134
174,140,115
166,161,161
166,161,161
157,144,127
146,132,116
146,132,116
172,166,163
172,166,163
149,131,113
149,131,113
149,131,113
159,145,129
173,169,165
173,169,165
184,155,131
175,172,174
175,172,174
172,169,172
172,169,172
147,131,114
147,131,114
147,131,114
171,169,172
171,169,172
149,132,115
149,132,115
149,132,115
149,132,115
149,132,115
185,175,173
185,175,173
164,152,138
188,178,176
188,178,176
166,154,138
166,154,138
166,154,138
148,130,110
148,130,110
182,171,169
182,171,169
140,123,114
181,177,171
181,177,171
146,128,110
146,128,110
182,178,173
182,178,173
101,81,68
101,81,68
173,169,163
173,169,163
102,85,73
102,85,73
180,176,170
180,176,170
150,133,114
150,133,114
90,73,63
90,73,63
172,171,169
172,171,169
170,170,168
170,170,168
135,120,104
135,120,104
135,120,104
171,168,167
171,168,167
139,133,126
166,156,141
105,86,75
105,86,75
136,121,106
136,121,106
136,121,106
181,174,171
181,174,171
193,191,184
180,174,170
180,174,170
109,90,78
109,90,78
132,118,103
132,118,103
132,118,103
132,118,103
132,118,103
183,181,172
183,181,172
133,111,94
199,194,189
161,151,136
161,151,136
98,81,73
98,81,73
129,108,93
150,135,117
150,135,117
179,177,168
179,177,168
103,85,72
103,85,72
173,175,171
173,175,171
175,176,173
175,176,173
96,78,67
96,78,67
173,174,170
173,174,170
145,131,118
178,181,176
178,181,176
96,78,67
96,78,67
179,172,168
179,172,168
143,134,125
143,134,125
143,134,125
143,134,125
133,126,118
133,126,118
133,126,118
133,126,118
133,126,118
143,127,110
143,127,110
96,79,68
96,79,68
154,132,113
181,176,172
181,176,172
151,136,119
151,136,119
151,136,119
158,157,154
158,157,154
173,172,172
173,172,172
94,75,64
94,75,64
175,173,173
175,173,173
105,85,73
105,85,73
147,131,112
147,131,112
137,124,112
151,136,118
151,136,118
154,140,126
154,140,126
154,140,126
154,140,126
156,143,129
156,143,129
156,143,129
156,143,129
172,165,152
154,139,125
154,139,125
154,139,125
142,136,127
142,136,127
142,136,127
170,147,95
190,187,172
134,128,120
134,128,120
134,128,120
171,170,167
171,170,167
171,170,167
171,170,167
151,141,129
151,140,128
151,140,125
178,177,175
178,177,175
182,181,178
182,181,178
182,181,178
179,178,176
179,178,176
179,178,176
179,178,175
179,178,175
179,178,175
195,184,182
195,184,182
191,181,179
191,181,179
178,178,175
178,178,175
178,178,175
175,175,172
175,175,172
175,175,172
175,175,172
189,180,178
189,180,178
151,139,126
151,139,126
162,157,151
162,157,151
162,157,151
162,157,151
162,157,151
162,157,151
177,172,170
177,172,170
177,172,170
177,172,170
178,178,175
178,178,175
178,178,175
174,169,166
174,169,166
168,166,166
168,166,166
182,183,180
182,183,180
182,183,180
182,183,180
168,166,167
168,166,167
164,163,163
164,163,163
180,180,177
180,180,177
180,180,177
180,180,177
185,180,172
185,180,172
175,175,172
188,183,175
188,183,175
181,176,168
181,176,168
149,145,139
149,145,139
178,178,177
178,178,177
178,178,177
178,178,177
176,176,172
176,176,172
175,175,171
175,175,171
177,177,173
177,177,173
176,178,173
176,178,173
173,170,169
173,170,169
175,173,171
175,173,171
178,175,174
178,175,174
177,177,172
177,177,172
177,177,172
177,177,172
175,173,171
175,173,171
175,173,171
161,165,166
161,165,166
160,163,166
160,163,166
155,158,160
155,158,160
155,143,136
155,143,136
156,159,161
156,159,161
179,175,173
179,175,173
172,169,167
172,169,167
173,157,145
173,157,145
152,137,127
152,137,127
152,137,127
176,172,170
176,172,170
181,179,176
181,179,176
181,179,176
181,179,176
181,179,176
176,172,171
176,172,171
178,177,174
178,177,174
178,177,174
178,177,174
178,177,174
178,176,172
178,176,172
178,176,172
178,176,172
178,176,172
173,173,170
173,173,170
173,173,170
173,173,170
173,173,170
178,178,175
178,178,175
178,178,175
178,178,175
178,178,175
190,182,179
190,182,179
181,172,169
181,172,169
179,179,176
179,179,176
179,179,176
179,179,176
179,179,176
176,175,172
176,175,172
176,175,172
176,175,172
176,175,172
181,173,170
181,173,170
183,177,173
183,177,173
149,139,129
149,139,129
149,139,129
182,177,173
182,177,173
186,181,177
186,181,177
180,180,176
180,180,176
180,180,176
180,180,176
180,180,176
184,178,174
184,178,174
147,138,124
182,178,175
182,178,175
186,182,177
186,182,177
184,180,177
184,180,177
130,119,110
130,119,110
183,178,174
183,178,174
153,142,132
153,142,132
153,142,132
182,174,170
182,174,170
137,124,115
137,124,115
137,124,115
137,124,115
180,180,176
180,180,176
180,180,176
180,180,176
180,180,176
184,176,172
184,176,172
147,134,124
147,134,124
147,134,124
147,134,124
147,134,124
181,179,176
181,179,176
181,179,176
181,179,176
181,179,176
174,172,168
174,172,168
176,174,170
176,174,170
173,171,167
173,171,167
180,179,176
180,179,176
180,179,176
180,179,176
180,179,176
175,173,170
175,173,170
172,169,165
172,169,165
180,179,178
180,179,178
180,179,178
180,179,178
178,177,173
178,177,173
178,177,173
178,177,173
178,177,173
177,176,173
177,176,173
177,176,173
177,176,173
177,176,173
182,180,180
182,180,180
182,180,180
182,180,180
191,186,179
191,186,179
191,186,179
190,184,177
190,184,177
143,133,123
143,133,123
189,183,177
189,183,177
148,135,122
183,178,172
183,178,172
152,142,132
152,142,132
152,142,132
191,188,181
191,188,181
151,140,128
151,140,128
151,140,128
151,140,128
151,140,128
190,186,180
190,186,180
180,179,175
180,179,175
180,179,175
180,179,175
180,179,175
167,168,171
167,168,171
181,178,175
181,178,175
181,178,175
181,178,175
181,178,175
162,163,165
162,163,165
175,173,169
175,173,169
175,173,169
175,173,169
175,173,169
169,169,172
169,169,172
171,171,174
171,171,174
182,179,176
182,179,176
182,179,176
182,179,176
182,179,176
180,176,174
180,176,174
183,180,178
183,180,178
184,181,179
184,181,179
181,178,175
181,178,175
170,166,167
170,166,167
170,167,166
170,167,166
169,166,165
169,166,165
174,170,171
174,170,171
168,164,159
168,164,159
173,170,166
173,170,166
175,171,167
175,171,167
168,165,161
168,165,161
172,168,164
172,168,164
182,180,174
182,180,174
182,180,174
180,178,175
180,178,175
180,178,175
180,178,175
180,178,175
177,176,171
177,176,171
179,178,172
179,178,172
180,178,173
180,178,173
179,174,173
179,174,173
176,172,170
176,172,170
180,177,174
180,177,174
173,168,166
173,168,166
109,111,106
172,167,165
172,167,165
115,117,113
115,117,113
177,172,170
177,172,170
172,168,165
172,168,165
182,178,179
182,178,179
119,120,116
184,181,182
184,181,182
175,172,163
175,172,163
177,174,165
177,174,165
170,169,166
170,169,166
170,169,166
170,169,166
177,173,164
177,173,164
135,127,117
135,127,117
135,127,117
135,127,117
135,127,117
135,127,117
174,173,170
174,173,170
174,173,170
174,173,170
175,175,172
175,175,172
175,175,172
175,175,172
176,176,173
176,176,173
176,176,173
176,176,173
182,180,175
182,180,175
178,176,167
178,176,167
192,190,185
192,190,185
184,181,177
184,181,177
129,129,125
129,129,125
180,180,174
180,180,174
179,180,174
179,180,174
182,182,176
182,182,176
178,178,172
178,178,172
129,129,125
181,181,177
181,181,177
181,181,177
181,181,177
186,185,181
186,185,181
183,182,178
183,182,178
133,134,129
133,134,129
178,177,173
178,177,173
178,177,173
178,177,173
177,175,173
177,175,173
177,175,173
177,175,173
183,182,177
183,182,177
178,177,174
178,177,174
178,177,174
178,177,174
190,183,181
190,183,181
188,180,178
188,180,178
177,175,172
177,175,172
177,175,172
177,175,172
184,177,175
184,177,175
178,177,174
178,177,174
178,177,174
178,177,174
185,178,176
185,178,176
179,175,171
179,175,171
136,129,119
136,129,119
177,172,168
177,172,168
143,132,116
180,176,173
180,176,173
173,172,168
177,177,172
177,177,172
177,177,172
177,177,172
168,167,163
168,167,163
168,167,163
168,167,163
177,152,112
177,152,112
177,152,112
171,171,167
171,171,167
171,171,167
171,171,167
140,131,120
171,171,168
171,171,168
171,171,168
171,171,168
134,127,117
134,127,117
134,127,117
134,127,117
174,181,180
174,181,180
172,179,178
172,179,178
152,121,99
178,177,174
178,177,174
178,177,174
178,177,174
177,175,172
177,175,172
177,175,172
177,175,172
135,128,118
135,128,118
135,128,118
135,128,118
135,128,118
171,177,176
171,177,176
171,177,176
171,145,106
171,145,106
171,145,106
171,145,106
174,172,169
174,172,169
174,172,169
174,172,169
175,178,174
175,178,174
175,178,174
172,170,167
172,170,167
172,170,167
172,170,167
175,178,172
175,178,172
175,178,172
179,178,175
179,178,175
179,178,175
179,178,175
174,172,169
174,172,169
174,172,169
174,172,169
177,175,171
177,175,171
177,175,171
177,175,171
174,178,172
174,178,172
177,181,175
177,181,175
180,172,166
180,172,166
180,172,166
180,172,166
182,175,169
182,175,169
182,175,169
182,175,169
150,135,121
187,180,175
187,180,175
187,180,175
187,180,175
189,183,177
189,183,177
189,183,177
189,183,177
185,177,172
185,177,172
185,177,172
185,177,172
132,126,115
132,126,115
132,126,115
132,126,115
132,126,115
180,181,170
180,181,170
180,181,170
180,181,170
179,179,170
179,179,170
179,179,170
179,179,170
187,186,179
187,186,179
187,186,179
185,185,178
185,185,178
185,185,178
185,185,178
139,131,120
139,131,120
139,131,120
139,131,120
182,182,173
182,182,173
182,182,173
155,126,93
155,126,93
155,126,93
194,192,190
194,192,190
194,192,190
133,122,118
191,189,187
191,189,187
191,189,187
165,164,159
165,164,159
192,190,189
192,190,189
192,190,189
173,172,169
173,172,169
173,172,169
173,172,169
187,186,183
187,186,183
187,186,183
187,186,183
191,189,187
191,189,187
191,189,187
191,189,187
171,170,166
171,170,166
171,170,166
171,170,166
180,179,176
180,179,176
180,179,176
180,179,176
143,134,122
175,174,171
175,174,171
175,174,171
175,174,171
175,174,171
175,174,171
175,174,171
175,174,171
185,184,181
185,184,181
185,184,181
185,184,181
176,175,172
176,175,172
176,175,172
176,175,172
182,181,178
182,181,178
182,181,178
183,182,179
183,182,179
183,182,179
183,182,179
161,160,157
161,160,157
161,160,157
161,160,157
184,182,179
184,182,179
184,182,179
184,183,180
184,183,180
184,183,180
183,179,175
183,179,175
183,179,175
183,179,175
183,165,142
183,180,176
183,180,176
183,180,176
183,180,176
181,178,174
181,178,174
181,178,174
185,181,178
185,181,178
185,181,178
185,181,178
180,176,173
180,176,173
180,176,173
172,170,167
172,170,167
172,170,167
182,179,176
182,179,176
182,179,176
177,174,171
177,174,171
177,174,171
177,174,171
124,98,67
179,177,174
179,177,174
179,177,174
179,177,174
181,178,175
181,178,175
181,178,175
193,190,187
193,190,187
193,190,187
193,189,186
193,189,186
193,189,186
192,188,186
192,188,186
192,188,186
193,190,187
193,190,187
193,190,187
190,186,184
190,186,184
190,186,184
193,183,175
193,183,175
193,183,175
193,183,175
193,183,175
197,188,180
197,188,180
197,188,180
197,188,180
197,189,181
197,189,181
197,189,181
197,189,181
197,189,181
196,187,180
196,187,180
196,187,180
196,187,180
142,134,124
142,134,124
197,188,181
197,188,181
197,188,181
197,188,181
197,188,181
176,170,167
176,170,167
176,170,167
176,170,167
177,172,168
177,172,168
177,172,168
177,172,168
178,172,169
178,172,169
178,172,169
178,172,169
177,172,169
177,172,169
177,172,169
177,172,169
167,140,103
167,140,103
167,140,103
175,172,165
175,172,165
175,172,165
177,174,168
177,174,168
177,174,168
177,174,168
177,174,168
177,174,168
177,174,168
177,174,168
179,176,169
179,176,169
179,176,169
179,176,169
178,174,168
178,174,168
178,174,168
172,167,164
172,167,164
172,167,164
172,167,164
172,167,164
176,171,168
176,171,168
176,171,168
176,171,168
176,171,168
178,173,171
178,173,171
178,173,171
178,173,171
178,174,171
178,174,171
178,174,171
178,174,171
187,185,183
187,185,183
187,185,183
187,185,183
187,185,183
178,173,171
178,173,171
178,173,171
178,173,171
137,132,121
137,132,121
137,132,121
185,184,182
185,184,182
185,184,182
186,184,182
186,184,182
186,184,182
186,184,182
189,188,186
189,188,186
189,188,186
150,147,145
187,185,183
187,185,183
187,185,183
143,140,138
180,177,175
180,177,175
180,177,175
180,177,175
182,179,176
182,179,176
182,179,176
182,179,176
145,142,140
179,177,174
179,177,174
179,177,174
179,177,174
179,177,174
178,175,172
178,175,172
178,175,172
178,175,172
157,145,129
157,145,129
157,145,129
157,145,129
182,177,177
182,177,177
182,177,177
182,177,177
181,175,175
181,175,175
181,175,175
181,175,175
180,174,174
180,174,174
180,174,174
180,174,174
171,157,137
167,144,106
167,144,106
178,170,171
178,170,171
178,170,171
178,170,171
182,176,176
182,176,176
182,176,176
182,176,176
169,167,167
169,167,167
169,167,167
179,166,147
167,166,165
167,166,165
167,166,165
178,175,176
178,175,176
178,175,176
178,175,176
187,183,182
187,183,182
187,183,182
164,163,163
164,163,163
164,163,163
176,174,175
176,174,175
176,174,175
176,174,175
174,171,168
174,171,168
174,171,168
177,174,171
177,174,171
177,174,171
177,174,171
177,174,171
177,174,171
177,174,171
177,174,171
183,179,177
183,179,177
183,179,177
183,179,177
159,134,97
159,134,97
159,134,97
175,172,170
175,172,170
175,172,170
167,166,166
175,177,168
175,177,168
175,177,168
179,179,171
179,179,171
179,179,171
179,179,171
183,183,175
183,183,175
183,183,175
183,183,175
183,183,175
189,197,200
198,167,124
198,167,124
179,180,172
179,180,172
179,180,172
179,180,172
178,174,171
178,174,171
184,180,177
184,180,177
184,180,177
184,180,177
184,180,177
184,181,178
184,181,178
184,181,178
184,181,178
183,179,177
183,179,177
183,179,177
183,179,177
190,175,153
190,175,153
185,182,179
185,182,179
185,182,179
185,182,179
183,184,182
162,141,122
162,141,122
183,179,177
183,179,177
183,179,177
183,179,177
202,209,213
180,176,174
180,176,174
180,176,174
180,176,174
159,138,118
159,138,118
180,176,174
180,176,174
180,176,174
180,176,174
180,176,174
181,177,175
181,177,175
181,177,175
185,181,179
185,181,179
185,181,179
185,181,179
182,169,151
192,203,204
165,145,128
165,145,128
171,155,136
171,155,136
170,154,137
170,154,137
167,149,129
167,149,129
167,167,164
167,167,164
174,173,171
164,145,128
164,145,128
159,142,125
159,142,125
162,162,160
175,164,148
175,164,148
175,164,148
168,167,166
164,163,163
164,163,163
176,164,148
176,164,148
176,164,148
176,164,148
164,163,163
164,163,163
164,163,163
162,162,161
174,156,132
174,156,132
174,156,132
174,156,132
167,166,166
182,168,148
182,168,148
162,162,161
162,162,161
183,170,150
183,170,150
183,170,150
183,170,150
164,164,164
164,164,164
164,164,164
168,167,167
168,167,167
165,152,137
191,171,150
181,154,132
186,167,146
132,131,25
185,163,143
139,130,118
203,198,194
176,162,144
176,162,144
176,162,144
147,125,104
146,134,118
146,134,118
166,165,164
167,166,165
167,166,165
138,115,95
167,166,165
165,164,163
165,164,163
183,171,155
133,124,106
133,124,106
148,136,126
148,136,126
148,136,126
133,113,97
133,113,97
144,125,107
144,125,107
124,119,112
139,134,125
141,134,121
184,157,141
183,173,163
157,155,156
174,169,162
193,185,177
169,161,159
188,180,172
191,181,175
191,184,178
187,181,175
169,162,154
186,180,174
180,170,167
156,136,107
156,136,107
156,136,107
156,136,107
153,135,108
153,135,108
153,135,108
153,135,108
153,133,105
153,133,105
153,133,105
153,133,105
153,133,105
145,131,118
145,131,118
145,131,118
145,131,118
147,133,119
147,133,119
147,133,119
147,133,119
147,133,119
145,132,118
145,132,118
145,132,118
145,132,118
180,174,168
146,132,119
146,132,119
146,132,119
146,132,119
146,132,119
143,130,117
143,130,117
143,130,117
143,130,117
140,128,113
140,128,113
140,128,113
140,128,113
141,129,115
141,129,115
141,129,115
141,129,115
141,129,115
142,129,116
142,129,116
142,129,116
142,129,116
142,129,116
127,126,121
127,126,121
131,124,112
151,126,97
151,126,97
151,126,97
151,126,97
171,142,117
171,142,117
171,142,117
171,142,117
171,142,117
169,165,163
154,147,143
161,156,152
156,152,151
168,164,161
135,131,128
133,126,117
147,142,135
179,174,171
189,188,185
150,145,140
180,179,175
180,179,175
174,173,169
181,181,176
181,181,176
181,181,176
181,181,176
187,184,181
173,169,164
144,138,132
179,178,174
179,178,174
192,190,186
192,190,186
147,142,135
145,140,134
174,174,166
174,174,166
145,141,135
171,170,167
171,170,167
173,173,169
173,173,169
158,154,149
164,160,156
162,158,153
179,175,171
185,181,179
187,183,181
152,147,140
156,153,147
165,161,155
175,157,137
175,157,137
175,157,137
169,164,160
168,164,160
176,173,169
182,179,176
174,170,166
171,165,159
170,164,160
168,162,157
163,160,155
165,161,157
153,145,141
153,145,141
164,157,150
164,157,150
164,157,151
164,157,151
153,147,143
153,147,143
161,159,153
161,159,153
163,159,155
163,159,155
159,154,149
159,154,149
169,162,157
169,162,157
169,165,160
169,165,160
176,173,168
176,173,168
175,171,167
175,171,167
161,156,151
161,156,151
162,158,155
162,158,155
137,131,123
137,131,123
146,142,138
146,142,138
156,152,147
156,152,147
152,147,141
152,147,141
152,147,141
139,134,129
139,134,129
139,134,129
161,157,152
161,157,152
161,157,152
178,163,145
178,163,145
178,163,145
164,161,156
164,161,156
164,161,156
156,153,149
156,153,149
156,153,149
169,163,159
169,163,159
169,163,159
183,177,173
183,177,173
183,179,176
183,179,176
190,187,183
190,187,183
190,187,183
173,169,164
173,169,164
173,169,164
173,169,164
209,207,205
209,207,205
209,207,205
206,204,202
206,204,202
206,204,202
208,205,203
208,205,203
208,205,203
205,203,201
205,203,201
205,203,201
205,202,201
205,202,201
205,202,201
207,205,203
207,205,203
207,205,203
207,205,203
209,206,204
209,206,204
209,206,204
209,206,204
206,204,202
206,204,202
206,204,202
206,204,202
207,205,203
207,205,203
207,205,203
207,205,203
205,203,201
205,203,201
205,203,201
205,203,201
203,201,199
203,201,199
203,201,199
203,201,199
173,173,170
173,173,170
173,173,170
173,173,170
171,171,168
171,171,168
171,171,168
171,171,168
173,172,169
173,172,169
173,172,169
173,172,169
171,171,169
171,171,169
171,171,169
171,171,169
170,169,167
170,169,167
170,169,167
170,169,167
176,176,174
176,176,174
176,176,174
176,176,174
176,176,174
173,172,169
173,172,169
173,172,169
173,172,169
173,172,169
170,170,167
170,170,167
170,170,167
170,170,167
170,170,167
170,169,166
170,169,166
170,169,166
170,169,166
171,171,168
171,171,168
171,171,168
171,171,168
173,172,169
173,172,169
173,172,169
173,172,169
170,170,167
170,170,167
170,170,167
170,170,167
174,173,170
174,173,170
174,173,170
174,173,170
176,176,172
176,176,172
176,176,172
176,176,172
175,175,172
175,175,172
175,175,172
175,175,172
169,170,167
169,170,167
169,170,167
169,170,167
171,171,168
171,171,168
171,171,168
171,171,168
175,176,172
175,176,172
175,176,172
175,176,172
172,171,168
172,171,168
172,171,168
172,171,168
173,171,169
173,171,169
173,171,169
173,171,169
173,171,169
171,171,168
171,171,168
171,171,168
171,171,168
171,171,168
171,172,168
171,172,168
171,172,168
171,172,168
171,172,168
172,171,168
172,171,168
172,171,168
172,171,168
173,172,169
173,172,169
173,172,169
173,172,169
172,171,168
172,171,168
172,171,168
172,171,168
126,109,96
126,109,96
130,125,125
111,101,95
107,97,91
122,111,105
122,111,105
110,100,95
101,93,89
181,177,172
184,180,176
169,165,162
169,165,162
171,170,167
171,170,167
171,170,167
171,170,167
152,151,147
152,151,147
152,151,147
152,151,147
173,172,169
173,172,169
173,172,169
173,172,169
171,169,166
171,169,166
171,169,166
171,169,166
161,159,157
161,159,157
161,159,157
161,159,157
172,171,169
172,171,169
172,171,169
172,171,169
159,155,154
159,155,154
159,155,154
159,155,154
176,174,172
176,174,172
176,174,172
176,174,172
153,152,150
153,152,150
153,152,150
153,152,150
157,156,153
157,156,153
157,156,153
157,156,153
173,172,170
173,172,170
173,172,170
173,172,170
174,172,170
174,172,170
174,172,170
174,172,170
170,169,166
170,169,166
170,169,166
170,169,166
154,153,150
154,153,150
154,153,150
154,153,150
159,157,155
159,157,155
159,157,155
159,157,155
159,157,155
159,156,154
159,156,154
159,156,154
159,156,154
159,156,154
156,155,153
156,155,153
156,155,153
156,155,153
156,155,153
154,152,150
154,152,150
154,152,150
154,152,150
154,152,150
176,174,172
176,174,172
176,174,172
176,174,172
176,174,172
176,176,173
176,176,173
176,176,173
176,176,173
176,176,173
173,172,169
173,172,169
173,172,169
173,172,169
173,172,169
169,169,164
169,169,164
169,169,164
169,169,164
174,173,169
174,173,169
174,173,169
174,173,169
162,160,158
162,160,158
162,160,158
162,160,158
176,175,171
176,175,171
176,175,171
176,175,171
179,177,174
179,177,174
179,177,174
179,177,174
176,176,172
176,176,172
176,176,172
176,176,172
162,161,158
162,161,158
162,161,158
162,161,158
159,158,155
159,158,155
159,158,155
159,158,155
168,167,164
168,167,164
168,167,164
168,167,164
162,161,158
162,161,158
162,161,158
162,161,158
172,172,168
172,172,168
172,172,168
172,172,168
172,172,168
173,173,170
173,173,170
173,173,170
173,173,170
173,173,170
176,175,171
176,175,171
176,175,171
176,175,171
176,175,171
188,184,179
144,136,122
158,130,106
158,130,106
155,128,103
151,123,99
151,123,99
180,179,176
153,152,153
153,152,153
153,151,153
153,151,153
153,151,153
167,163,157
167,163,157
154,150,143
154,150,143
171,149,128
171,148,128
171,148,128
171,148,128
171,148,128
156,137,119
156,137,119
156,137,119
153,120,99
153,120,99
153,142,129
153,142,129
153,142,129
153,142,129
154,143,129
154,143,129
154,143,129
154,143,129
154,143,129
146,115,94
146,115,94
169,147,126
169,147,126
169,147,126
156,129,108
163,136,115
163,136,115
199,186,170
199,186,170
199,186,170
140,129,121
140,129,121
167,142,119
167,142,119
145,139,133
126,115,103
126,115,103
151,147,143
158,154,151
176,153,131
176,153,131
175,173,172
142,139,136
142,139,136
183,163,141
183,163,141
204,203,201
154,147,131
156,159,159
170,166,165
170,166,165
169,164,162
169,164,162
149,135,122
160,155,152
200,198,195
171,169,167
171,169,167
137,133,122
137,133,122
164,160,160
164,160,160
175,168,158
175,168,158
181,170,160
154,141,139
154,141,139
140,132,119
148,137,127
148,137,127
148,137,127
134,120,111
134,120,111
131,119,110
131,119,110
130,121,115
130,121,115
130,121,115
130,121,115
145,135,128
145,135,128
112,79,51
112,79,51
127,116,108
146,136,128
156,145,137
140,136,131
160,149,140
162,151,142
138,134,130
138,134,130
138,134,130
138,134,130
138,134,130
156,145,136
156,145,136
139,137,134
139,137,134
139,137,134
139,137,134
141,136,134
143,133,124
165,154,145
165,154,145
168,156,144
168,156,144
171,160,152
142,141,140
145,143,142
182,177,168
149,147,145
172,165,156
146,136,128
145,143,141
143,141,140
145,136,133
145,136,133
145,142,140
145,142,140
136,134,133
143,137,132
143,137,132
142,133,126
142,133,126
127,114,108
122,121,120
122,121,120
141,137,132
141,137,132
154,152,149
154,152,149
145,141,137
145,141,137
144,135,129
144,135,129
144,135,129
144,135,129
144,135,129
201,195,191
150,150,151
150,150,151
174,174,171
174,174,171
174,174,171
152,139,136
140,138,136
140,138,136
106,74,62
106,74,62
106,74,62
106,74,62
145,134,126
145,134,126
145,134,126
160,159,159
134,126,114
134,126,114
165,140,126
125,116,104
150,135,124
162,146,133
169,166,162
174,164,153
177,170,160
177,170,160
161,143,140
167,166,164
167,166,164
168,167,165
168,167,165
144,143,141
164,164,162
168,167,165
169,168,166
169,168,166
169,168,166
175,175,173
165,164,161
165,164,161
165,164,161
152,152,147
152,152,147
166,165,162
157,155,153
154,153,149
154,153,149
152,154,150
152,154,150
152,154,150
148,148,144
152,154,148
152,154,148
153,153,147
153,153,147
153,153,147
153,153,147
137,137,131
137,137,131
137,137,131
137,137,131
160,160,157
135,126,121
148,146,143
210,208,207
210,208,207
150,146,139
150,146,139
150,146,139
150,146,139
161,155,150
161,155,150
140,135,131
140,135,131
140,135,131
211,199,198
211,199,198
172,159,143
142,143,139
142,143,139
142,143,139
154,153,150
154,153,150
205,200,194
205,200,194
205,200,194
205,200,194
135,136,131
135,136,131
135,136,131
182,172,160
182,172,160
182,172,160
182,172,160
169,167,166
162,162,159
162,162,159
162,162,159
158,157,148
158,157,148
158,157,148
158,157,148
147,144,133
147,144,133
147,144,133
147,144,133
123,116,108
123,116,108
126,118,109
126,118,109
148,146,137
148,146,137
148,146,137
152,148,136
152,148,136
152,148,136
152,148,136
194,180,164
194,180,164
195,182,165
143,137,128
152,144,131
152,144,131
114,105,94
135,129,135
135,129,135
135,129,135
181,177,171
154,151,150
189,183,176
147,134,124
171,166,161
138,138,135
138,138,135
140,140,137
140,140,137
143,143,140
143,143,140
143,143,140
137,136,134
137,136,134
82,84,74
82,84,74
153,143,131
153,143,131
74,76,69
74,76,69
70,72,69
136,114,91
113,102,89
113,102,89
113,102,89
110,112,116
115,144,56
112,140,57
153,141,126
153,141,126
175,169,164
161,159,154
161,159,154
161,159,154
122,117,115
178,173,168
144,131,125
144,131,125
144,131,125
144,131,125
169,168,164
173,168,162
173,168,162
152,152,149
152,152,149
140,129,124
140,129,124
140,129,124
138,127,121
138,127,121
138,127,121
138,127,121
183,185,190
146,144,144
132,127,19
132,127,19
102,100,100
127,118,112
127,118,112
127,118,112
127,118,112
136,126,121
136,126,121
136,126,121
147,139,132
140,132,125
143,131,125
143,131,125
209,184,138
141,130,125
141,130,125
140,129,124
140,129,124
140,129,124
165,168,164
165,168,164
65,61,59
65,61,59
64,61,57
64,61,57
123,118,110
123,118,110
123,118,110
123,118,110
127,124,114
127,124,114
127,124,114
121,115,105
121,115,105
121,115,105
121,115,105
121,115,105
114,107,95
114,107,95
114,107,95
114,107,95
114,107,95
113,110,102
113,110,102
113,110,102
113,110,102
113,110,102
130,123,113
130,123,113
130,123,113
130,123,113
130,123,113
136,132,125
136,132,125
137,132,124
137,133,125
123,111,103
123,111,103
129,115,102
129,115,102
138,127,123
138,127,123
138,127,123
122,116,100
122,116,100
122,116,100
122,116,100
170,147,127
170,147,127
133,124,117
133,124,117
133,124,117
141,130,124
141,130,124
141,130,124
125,103,87
132,124,113
132,124,113
125,98,79
125,98,79
125,98,79
133,125,115
133,125,115
133,125,115
133,125,115
133,125,115
141,131,126
141,131,126
138,122,98
138,122,98
138,122,98
138,122,98
135,125,115
135,125,115
135,125,115
134,125,116
170,169,161
133,125,115
121,108,94
121,108,94
134,121,105
134,121,105
134,125,114
134,125,114
105,125,157
108,126,156
108,126,156
169,168,166
169,168,166
89,106,134
89,106,134
122,140,170
122,140,170
122,140,170
140,131,120
122,113,102
122,113,102
122,113,102
122,113,102
137,119,100
137,119,100
137,119,100
137,119,100
113,130,162
87,102,134
87,102,134
83,99,133
83,99,133
83,99,133
81,99,134
81,99,134
81,99,134
81,99,134
96,117,152
96,117,152
96,117,152
152,128,93
152,128,93
152,128,93
109,126,158
109,126,158
109,126,158
99,117,150
99,117,150
75,93,123
75,93,123
79,97,131
79,97,131
79,97,131
79,97,131
83,99,134
83,99,134
83,99,134
83,99,134
86,101,136
86,101,136
86,101,136
86,101,136
152,138,113
152,138,113
152,138,113
82,99,134
82,99,134
181,179,178
181,179,178
181,179,178
181,179,178
78,97,131
78,97,131
78,97,131
72,94,133
72,94,133
72,94,133
72,94,133
72,94,133
78,98,135
78,98,135
78,98,135
80,96,127
80,96,127
81,98,133
81,98,133
81,98,133
80,96,132
80,96,132
80,96,132
80,96,132
81,98,132
81,98,132
88,102,136
88,102,136
88,102,136
88,102,136
188,185,182
142,136,130
181,176,174
181,176,174
139,134,129
181,176,173
141,136,131
145,142,139
140,134,129
142,137,132
113,108,109
160,161,165
160,161,165
160,161,165
125,118,118
141,130,126
141,130,126
140,135,118
140,135,118
140,135,118
140,135,118
188,186,180
188,186,180
142,134,122
142,134,122
142,134,122
142,134,122
162,163,167
162,163,167
142,138,134
146,137,133
113,109,109
113,109,109
110,107,106
110,107,106
159,161,165
159,161,165
163,161,158
163,161,158
163,161,158
166,164,162
166,164,162
158,160,163
158,160,163
152,151,149
146,138,131
146,137,130
182,178,173
182,178,173
155,154,155
143,135,129
135,130,125
163,165,168
139,138,136
150,149,147
144,136,130
142,134,128
148,142,139
148,142,139
145,145,145
145,145,145
166,157,151
176,154,136
156,149,143
153,148,145
159,153,148
159,153,148
159,153,148
179,175,169
179,175,169
160,155,152
162,143,112
138,136,135
179,170,156
179,170,156
152,148,145
200,192,180
200,192,180
200,192,180
200,192,180
200,192,180
200,192,180
176,143,117
144,143,143
144,143,143
151,146,144
151,146,144
166,134,107
170,137,110
185,185,178
130,121,114
130,121,114
163,162,161
160,159,158
138,132,130
138,132,130
129,121,114
163,162,160
137,132,127
137,135,134
137,135,134
145,143,143
140,139,138
140,139,138
135,130,125
141,140,138
141,140,138
133,128,123
156,156,155
156,156,155
139,125,113
139,125,113
136,131,126
160,157,156
160,157,156
178,174,169
178,174,169
160,146,132
156,154,153
156,154,153
161,146,132
131,122,117
154,141,126
172,152,133
197,191,173
197,191,173
125,116,109
125,116,109
125,116,109
137,128,118
133,115,98
124,105,87
137,128,118
140,124,107
137,119,111
137,120,103
137,120,103
171,163,148
135,117,100
135,117,100
135,117,100
142,127,111
124,111,101
124,111,101
169,155,138
169,155,138
169,155,138
137,120,112
159,140,123
160,146,132
160,146,132
160,146,132
133,115,97
133,115,97
133,115,97
133,115,97
133,115,97
133,115,97
133,115,97
147,131,115
147,131,115
147,131,115
147,131,115
147,131,115
188,184,179
189,179,166
173,158,143
133,126,113
133,126,113
174,159,144
174,159,144
172,158,143
172,158,143
172,158,143
171,154,138
171,154,138
171,154,138
171,154,138
190,184,167
190,184,167
173,171,169
173,171,169
191,184,169
191,184,169
204,198,185
204,198,185
150,147,144
150,147,144
173,173,170
173,173,170
186,180,163
186,180,163
137,129,119
193,188,174
140,134,119
140,134,119
181,177,174
137,131,117
203,197,183
203,197,183
194,189,180
196,191,178
196,191,178
136,127,116
136,127,116
196,187,173
196,187,173
196,187,173
167,164,156
167,164,156
165,162,156
194,187,173
194,187,173
194,187,173
182,176,162
182,176,162
154,151,148
119,103,83
119,103,83
122,121,120
135,126,118
135,126,118
135,126,118
135,126,118
135,126,118
142,131,119
142,131,119
142,131,119
142,131,119
142,131,119
162,158,150
162,158,150
162,158,150
162,158,150
162,158,150
135,136,130
135,136,130
135,136,130
135,136,130
144,145,142
144,145,142
144,145,142
144,145,142
129,119,109
129,119,109
129,119,109
129,119,109
129,119,109
151,142,131
151,142,131
151,142,131
151,142,131
135,132,94
135,132,94
135,132,94
133,131,114
133,131,114
129,116,105
129,116,105
135,130,122
135,130,122
135,130,122
135,130,122
135,130,122
139,136,126
139,136,126
139,136,126
139,136,126
139,136,126
126,118,106
126,118,106
126,118,106
126,118,106
126,118,106
126,118,106
149,142,132
149,142,132
149,142,132
149,142,132
149,142,132
128,118,109
128,118,109
128,118,109
128,118,109
129,121,113
129,121,113
129,121,113
153,144,132
153,144,132
153,144,132
153,144,132
153,144,132
146,124,113
146,124,113
146,124,113
146,124,113
146,124,113
136,120,105
136,120,105
136,120,105
148,124,103
148,124,103
148,124,103
168,145,124
168,145,124
148,131,113
148,131,113
162,141,129
162,141,129
162,141,129
162,141,129
162,141,129
142,123,107
142,123,107
142,123,107
142,123,107
133,111,96
133,111,96
133,111,96
133,111,96
133,111,96
133,111,96
132,116,103
132,116,103
132,116,103
132,116,103
132,116,103
132,116,103
157,140,121
157,140,121
157,140,121
157,140,121
157,140,121
157,140,121
145,123,102
145,123,102
145,123,102
145,123,102
145,123,102
149,127,104
149,127,104
149,127,104
149,127,104
149,127,104
123,105,91
123,105,91
123,105,91
123,105,91
129,110,100
129,110,100
129,110,100
129,110,100
129,110,100
129,110,100
129,110,100
121,104,93
121,104,93
121,104,93
121,104,93
121,104,93
111,93,78
111,93,78
111,93,78
111,93,78
111,93,78
111,93,78
111,93,78
111,93,78
113,101,92
113,101,92
113,101,92
113,101,92
113,101,92
113,101,92
113,101,92
113,101,92
130,141,104
130,141,104
133,134,118
133,134,118
120,130,96
120,130,96
120,130,96
120,130,96
136,135,109
136,135,109
136,135,109
116,128,88
116,128,88
116,128,88
112,126,83
112,126,83
126,130,105
126,130,105
126,130,105
126,126,107
126,126,107
126,126,107
126,126,107
120,128,94
120,128,94
120,128,94
120,128,94
120,124,98
120,124,98
120,124,98
120,124,98
120,124,98
120,124,98
120,124,98
123,134,97
123,134,97
117,120,96
117,120,96
117,120,96
117,120,96
117,120,96
126,130,97
126,130,97
126,130,97
131,133,114
131,133,114
131,133,114
131,133,114
128,118,109
128,118,109
128,118,109
128,118,109
128,118,109
111,127,82
111,127,82
111,127,82
125,125,94
125,125,94
125,125,94
125,125,94
150,146,140
150,146,140
150,146,140
150,146,140
141,144,117
114,127,87
114,127,87
114,127,87
118,121,93
118,121,93
118,121,93
151,148,144
151,148,144
151,148,144
151,148,144
123,115,108
123,115,108
123,115,108
123,115,108
123,115,108
140,139,123
140,139,123
140,139,123
121,109,101
121,109,101
121,109,101
135,135,106
135,135,106
135,135,106
142,135,116
142,135,116
142,135,116
142,135,116
152,137,121
152,137,121
152,137,121
132,132,132
132,132,132
132,132,132
132,132,132
132,132,132
113,116,119
113,116,119
113,116,119
113,116,119
141,138,135
141,138,135
141,138,135
125,119,109
125,119,109
125,119,109
148,143,136
148,143,136
112,117,121
112,117,121
130,104,90
130,104,90
130,104,90
130,104,90
130,104,90
141,134,130
141,134,130
141,134,130
129,131,131
129,131,131
113,118,122
113,118,122
113,118,122
129,126,118
129,126,118
129,126,118
129,126,118
129,126,118
138,106,88
138,106,88
138,106,88
132,122,115
132,122,115
147,139,129
147,139,129
127,99,84
127,99,84
127,99,84
139,130,119
139,130,119
139,130,119
139,130,119
139,130,119
149,146,142
149,146,142
149,146,142
129,124,120
129,124,120
129,124,120
144,130,119
144,130,119
144,130,119
131,99,84
131,99,84
131,99,84
131,99,84
129,110,100
129,110,100
129,110,100
129,110,100
135,135,135
135,135,135
135,135,135
135,135,135
145,137,132
145,137,132
145,137,132
148,139,132
148,139,132
148,139,132
148,139,132
142,131,130
142,131,130
142,131,130
142,131,130
139,105,88
139,105,88
139,105,88
139,105,88
139,105,88
139,105,88
121,116,109
121,116,109
137,128,119
137,128,119
137,128,119
137,124,111
137,124,111
137,124,111
137,124,111
137,124,111
137,124,111
137,124,111
122,122,118
122,122,118
122,122,118
142,133,126
142,133,126
142,133,126
144,136,130
144,136,130
144,136,130
144,136,130
144,136,130
144,136,130
142,133,124
142,133,124
142,133,124
142,133,124
142,133,124
133,122,119
133,122,119
133,122,119
142,137,134
142,137,134
142,137,134
163,150,139
163,150,139
163,150,139
134,116,104
134,116,104
134,116,104
134,116,104
132,130,122
132,130,122
132,130,122
125,107,96
125,107,96
125,107,96
125,107,96
131,105,90
131,105,90
131,105,90
131,105,90
127,106,93
127,106,93
127,106,93
131,117,114
131,117,114
131,117,114
144,133,131
144,133,131
144,133,131
144,133,131
144,133,131
144,133,131
144,133,131
144,133,131
148,146,142
148,146,142
148,146,142
129,112,100
129,112,100
129,112,100
129,112,100
129,112,100
129,112,100
129,112,100
146,136,133
146,136,133
146,136,133
148,147,144
148,147,144
148,147,144
148,147,144
148,147,144
148,147,144
162,158,154
162,158,154
162,158,154
162,158,154
137,125,122
137,125,122
137,125,122
140,132,126
140,132,126
143,142,140
143,142,140
143,142,140
138,139,136
138,139,136
138,139,136
138,139,136
140,139,136
140,139,136
140,139,136
141,133,125
141,133,125
141,133,125
142,141,138
142,141,138
142,141,138
142,141,138
144,143,141
144,143,141
144,143,141
122,114,106
122,114,106
122,114,106
122,114,106
122,114,106
146,146,142
146,146,142
146,146,142
138,125,111
138,125,111
138,125,111
138,125,111
126,117,109
126,117,109
126,117,109
126,117,109
122,116,110
122,116,110
122,116,110
164,163,161
164,163,161
164,163,161
121,121,115
121,121,115
121,121,115
121,121,115
121,121,115
121,121,115
121,121,115
121,121,115
118,117,114
118,117,114
118,117,114
118,117,114
118,117,114
118,117,114
131,129,126
131,129,126
131,129,126
131,129,126
131,129,126
115,113,106
115,113,106
115,113,106
135,131,126
135,131,126
135,131,126
135,131,126
117,115,110
117,115,110
117,115,110
117,115,110
111,112,108
111,112,108
111,112,108
111,112,108
133,130,125
133,130,125
133,130,125
133,130,125
116,114,106
116,114,106
162,160,157
162,160,157
162,160,157
162,160,157
121,116,108
121,116,108
121,116,108
121,116,108
121,116,108
121,116,108
113,111,105
113,111,105
137,135,128
137,135,128
137,135,128
137,135,128
124,120,116
124,120,116
124,120,116
124,120,116
127,120,115
127,120,115
127,120,115
129,130,126
129,130,126
129,130,126
129,130,126
129,130,126
126,127,125
126,127,125
126,127,125
126,127,125
133,134,132
133,134,132
133,134,132
133,134,132
133,134,132
128,128,126
128,128,126
128,128,126
128,128,126
128,128,126
128,128,126
128,128,126
128,128,126
144,144,143
144,144,143
144,144,143
144,144,143
144,144,143
137,138,135
137,138,135
137,138,135
137,138,135
119,122,120
119,122,120
119,122,120
127,126,123
127,126,123
127,126,123
127,126,123
127,126,123
122,122,120
122,122,120
122,122,120
122,122,120
128,129,124
128,129,124
128,129,124
128,129,124
114,112,104
114,112,104
114,112,104
114,112,104
114,112,104
134,132,126
134,132,126
134,132,126
134,132,126
135,134,131
135,134,131
135,134,131
151,155,160
151,155,160
151,156,160
151,156,160
155,156,150
124,123,118
124,123,118
124,123,118
119,115,108
119,115,108
119,115,108
129,129,120
129,129,120
129,129,120
129,129,120
129,129,120
129,127,119
129,127,119
129,127,119
129,127,119
129,127,119
117,112,92
117,112,92
117,112,92
126,117,103
126,117,103
122,115,97
122,115,97
131,123,101
131,121,104
131,121,104
131,121,104
131,121,104
131,121,104
138,138,122
138,138,122
138,133,110
138,133,110
138,133,110
142,137,115
141,136,120
141,136,120
141,136,120
141,136,120
136,131,116
136,131,116
136,131,116
136,131,116
136,129,112
136,129,112
136,129,112
136,129,112
131,127,112
131,127,112
119,106,94
119,106,94
119,106,94
121,110,98
121,110,98
121,110,98
122,110,99
122,110,99
122,110,99
124,115,105
112,121,111
112,121,111
113,128,112
116,131,119
116,131,119
112,127,114
112,127,114
119,115,99
119,115,99
119,115,99
119,115,99
117,114,100
117,114,100
117,114,100
117,114,100
118,123,106
121,122,98
121,122,98
116,119,97
121,123,112
121,124,108
127,130,104
125,128,109
121,125,106
119,124,103
126,129,109
121,117,109
121,117,109
121,117,109
125,117,107
125,117,107
125,117,107
125,117,107
125,117,107
125,117,107
125,117,107
127,119,110
127,119,110
127,119,110
127,119,110
126,115,106
126,115,106
126,115,106
120,113,100
120,113,100
120,113,100
120,113,100
120,113,100
120,113,100
120,113,100
120,113,100
120,113,100
120,113,100
120,113,100
120,113,100
120,113,100
121,106,87
121,106,87
121,106,87
121,106,87
121,106,87
121,106,87
121,106,87
121,106,87
122,105,86
122,105,86
122,105,86
122,105,86
122,105,86
122,105,86
122,105,86
122,105,86
117,109,97
117,109,97
117,109,97
117,109,97
117,109,97
119,109,95
119,109,95
119,109,95
119,109,95
119,109,95
118,115,105
118,115,105
118,115,105
118,115,105
118,115,105
118,115,105
123,112,101
123,112,101
123,112,101
128,106,86
128,106,86
128,106,86
128,106,86
128,106,86
124,116,107
124,116,107
124,116,107
135,131,122
135,131,122
135,131,122
135,131,122
135,131,122
135,131,122
132,128,120
132,128,120
132,128,120
132,128,120
132,128,120
139,133,122
139,133,122
139,133,122
139,133,122
139,133,122
140,137,127
140,137,127
140,137,127
136,131,123
136,131,123
128,126,118
128,126,118
128,126,118
128,126,118
124,123,117
124,123,117
124,123,117
124,123,117
142,129,99
142,129,99
142,129,99
142,129,99
142,129,99
142,129,99
137,137,132
137,137,132
137,137,132
137,137,132
137,115,99
137,115,99
137,115,99
141,113,73
141,113,73
141,113,73
128,112,94
128,112,94
138,125,108
138,125,108
138,125,108
126,117,100
126,117,100
138,131,114
138,131,114
140,137,119
140,137,119
140,137,119
140,137,119
130,126,109
130,126,109
130,126,109
130,126,109
148,140,123
131,118,111
131,118,111
131,115,107
131,115,107
139,138,135
137,136,127
137,136,127
137,136,127
137,136,127
132,131,117
132,131,117
132,131,117
133,134,123
133,134,123
131,133,124
131,133,124
131,113,88
131,113,88
131,113,88
131,113,88
131,113,88
118,114,103
118,114,103
118,114,103
144,118,83
144,118,83
157,117,73
157,117,73
157,117,73
129,122,109
129,122,109
153,144,120
153,144,120
145,129,120
145,129,120
129,103,77
129,103,77
129,103,77
129,103,77
139,129,109
139,129,109
142,135,121
142,135,121
134,102,74
134,102,74
134,102,74
134,102,74
133,104,78
133,104,78
133,104,78
133,104,78
130,99,71
130,99,71
130,99,71
130,99,71
130,99,71
139,140,88
139,140,88
132,129,123
132,129,123
132,129,123
126,116,104
126,116,104
126,116,104
126,116,104
126,116,104
129,124,117
129,124,117
129,124,117
131,121,107
131,121,107
131,126,119
131,126,119
131,126,119
131,126,119
124,124,121
124,124,121
124,124,121
124,124,121
131,119,115
131,119,115
131,119,115
128,112,98
128,112,98
128,112,98
128,112,98
128,112,98
128,112,98
120,107,92
120,107,92
120,107,92
120,107,92
120,107,92
120,107,92
124,113,98
124,113,98
124,113,98
140,141,104
140,141,104
140,141,104
133,133,125
133,133,125
133,133,125
133,133,125
131,133,131
131,133,131
131,133,131
131,133,131
137,145,150
137,145,150
137,145,150
132,136,139
132,136,139
132,136,139
139,143,146
139,143,146
130,121,110
130,121,110
133,127,116
133,127,116
133,127,116
137,134,127
137,134,127
137,134,127
137,134,127
130,127,123
130,127,123
122,114,104
122,114,104
130,118,111
130,118,111
130,118,111
130,118,111
130,118,111
131,115,107
131,115,107
131,115,107
136,128,121
136,128,121
136,128,121
136,128,121
134,121,113
134,121,113
134,121,113
134,121,113
135,128,120
135,128,120
138,132,121
138,132,121
129,123,113
129,123,113
129,123,113
136,142,150
136,142,150
136,142,150
136,142,150
124,127,118
124,127,118
140,141,144
140,141,144
140,141,144
140,141,144
120,125,115
120,125,115
120,125,115
114,117,110
114,117,110
114,117,110
114,117,110
114,117,110
114,117,110
114,117,110
120,123,115
115,119,111
115,119,111
119,122,117
114,118,111
114,118,111
114,118,111
114,118,111
111,113,106
111,113,106
116,119,113
116,119,113
116,119,113
109,118,107
109,118,107
109,118,107
109,118,107
109,118,107
109,118,107
113,118,110
113,118,110
113,118,110
115,116,109
115,116,109
112,119,111
112,119,111
112,119,111
114,120,104
114,120,104
114,120,104
114,120,104
114,120,104
114,120,104
114,120,104
114,120,104
114,120,104
132,131,109
132,131,109
117,122,107
117,122,107
117,122,107
117,122,107
117,122,107
117,122,107
117,122,107
117,122,107
117,122,107
117,126,115
117,126,115
117,126,115
121,122,103
121,122,103
121,122,103
115,117,101
115,117,101
122,126,113
122,126,113
122,126,113
116,126,113
116,126,113
125,125,95
125,125,95
114,125,110
113,122,110
113,122,110
113,122,110
121,122,111
121,122,111
119,123,104
119,123,104
119,123,104
119,123,104
117,120,100
117,120,100
144,99,84
144,99,84
144,99,84
144,99,84
135,88,72
135,88,72
135,88,72
135,88,72
132,131,134
132,131,134
132,131,134
132,131,134
121,118,121
121,118,121
121,118,121
121,118,121
121,118,121
115,116,119
115,116,119
115,116,119
115,116,119
128,123,126
128,123,126
128,123,126
128,123,126
128,123,126
130,130,129
130,130,129
130,130,129
130,130,129
130,130,129
116,116,115
116,116,115
116,116,115
116,116,115
91,107,65
91,107,65
91,107,65
91,107,65
107,106,96
107,106,96
107,106,96
107,106,96
121,118,112
121,118,112
121,118,112
121,118,112
142,145,149
142,145,149
142,145,149
142,145,149
171,118,84
171,118,84
171,118,84
171,118,84
94,104,78
94,104,78
94,104,78
94,104,78
74,89,55
74,89,55
74,89,55
74,89,55
66,56,51
66,56,51
66,56,51
99,86,85
99,86,85
99,86,85
99,86,85
99,86,85
109,107,96
109,107,96
109,107,96
79,91,65
79,91,65
79,91,65
120,122,126
120,122,126
120,122,126
120,122,126
120,122,126
129,128,126
129,128,126
129,128,126
129,128,126
129,128,126
98,95,96
98,95,96
98,95,96
98,95,96
98,95,96
98,95,96
129,110,111
129,110,111
129,110,111
129,110,111
129,110,111
136,125,125
136,125,125
136,125,125
136,125,125
136,125,125
136,125,125
114,108,75
114,108,75
114,108,75
114,108,75
99,92,61
99,92,61
99,92,61
99,92,61
121,99,78
121,99,78
121,99,78
121,99,78
121,99,78
91,95,101
91,95,101
91,95,101
91,95,101
91,95,101
91,90,94
91,90,94
91,90,94
91,90,94
91,90,94
91,90,94
110,111,113
110,111,113
